station_complex,borough,latitude,longitude
"Astoria-Ditmars Blvd (N,W)",Queens,40.7750358581543,-73.91203308105469
"49 St (N,R,W)",Manhattan,40.7598991394043,-73.98413848876953
"Hewes St (M,J)",Brooklyn,40.706871032714844,-73.95343017578125
"Marcy Av (M,J,Z)",Brooklyn,40.70835876464844,-73.95775604248047
"Bowery (J,Z)",Manhattan,40.720279693603516,-73.99391174316406
"Broad St (J,Z)",Manhattan,40.70647430419922,-74.01105499267578
Middle Village-Metropolitan Av (M),Queens,40.711395263671875,-73.88960266113281
Fresh Pond Rd (M),Queens,40.70618438720703,-73.8958740234375
Forest Av (M),Queens,40.70442199707031,-73.903076171875
Seneca Av (M),Queens,40.702762603759766,-73.9077377319336
Knickerbocker Av (M),Brooklyn,40.698665618896484,-73.91970825195312
Central Av (M),Brooklyn,40.69785690307617,-73.92739868164062
3 Av (L),Manhattan,40.73284912109375,-73.98612213134766
1 Av (L),Manhattan,40.730953216552734,-73.98162841796875
Bedford Av (L),Brooklyn,40.71730422973633,-73.95687103271484
Graham Av (L),Brooklyn,40.71456527709961,-73.94405364990234
Grand St (L),Brooklyn,40.7119255065918,-73.94066619873047
Montrose Av (L),Brooklyn,40.707740783691406,-73.93984985351562
Morgan Av (L),Brooklyn,40.706153869628906,-73.93314361572266
Jefferson St (L),Brooklyn,40.706607818603516,-73.92291259765625
DeKalb Av (L),Brooklyn,40.70381164550781,-73.91842651367188
Halsey St (L),Queens,40.69560241699219,-73.90408325195312
"28 St (R,W)",Manhattan,40.7454948425293,-73.98869323730469
Wilson Av (L),Brooklyn,40.68876266479492,-73.90404510498047
Bushwick Av-Aberdeen St (L),Brooklyn,40.682830810546875,-73.9052505493164
Atlantic Av (L),Brooklyn,40.67534637451172,-73.9030990600586
Sutter Av (L),Brooklyn,40.669368743896484,-73.9019775390625
Livonia Av (L),Brooklyn,40.664039611816406,-73.90057373046875
New Lots Av (L),Brooklyn,40.65873336791992,-73.89923095703125
East 105 St (L),Brooklyn,40.65057373046875,-73.89948272705078
Canarsie-Rockaway Pkwy (L),Brooklyn,40.64665222167969,-73.90184783935547
"23 St (R,W)",Manhattan,40.741302490234375,-73.98934173583984
Park Pl (S),Brooklyn,40.67477035522461,-73.95762634277344
Inwood-207 St (A),Manhattan,40.868072509765625,-73.9198989868164
Dyckman St (A),Manhattan,40.8654899597168,-73.9272689819336
190 St (A),Manhattan,40.8590202331543,-73.9341812133789
181 St (A),Manhattan,40.8516960144043,-73.9379653930664
175 St (A),Manhattan,40.847389221191406,-73.93970489501953
163 St-Amsterdam Av (C),Manhattan,40.83601379394531,-73.93989562988281
155 St (C),Manhattan,40.83051681518555,-73.94151306152344
"145 St (A,C,B,D)",Manhattan,40.82478332519531,-73.9442138671875
"135 St (C,B)",Manhattan,40.817893981933594,-73.94764709472656
"125 St (A,C,B,D)",Manhattan,40.81110763549805,-73.95234680175781
"116 St (C,B)",Manhattan,40.805084228515625,-73.95487976074219
"Cathedral Pkwy (110 St) (C,B)",Manhattan,40.800601959228516,-73.95816040039062
"103 St (C,B)",Manhattan,40.79609298706055,-73.96145629882812
"96 St (C,B)",Manhattan,40.79164123535156,-73.9646987915039
"86 St (C,B)",Manhattan,40.78586959838867,-73.96891784667969
"81 St-Museum of Natural History (C,B)",Manhattan,40.78143310546875,-73.9721450805664
"8 St-NYU (R,W)",Manhattan,40.73032760620117,-73.99263000488281
"72 St (C,B)",Manhattan,40.77559280395508,-73.97640991210938
"50 St (C,E)",Manhattan,40.762454986572266,-73.9859848022461
"34 St-Penn Station (A,C,E)",Manhattan,40.752288818359375,-73.99339294433594
"23 St (C,E)",Manhattan,40.745906829833984,-73.99803924560547
"W 4 St-Wash Sq (A,C,E,B,D,F,M)",Manhattan,40.732337951660156,-74.00049591064453
"Spring St (C,E)",Manhattan,40.726226806640625,-74.00373840332031
"Canal St (A,C,E)",Manhattan,40.7208251953125,-74.0052261352539
"Prince St (R,W)",Manhattan,40.72433090209961,-73.9977035522461
"High St (A,C)",Brooklyn,40.699337005615234,-73.99053192138672
"Hoyt-Schermerhorn Sts (A,C,G)",Brooklyn,40.68848419189453,-73.98500061035156
Lafayette Av (C),Brooklyn,40.68611145019531,-73.97394561767578
Clinton-Washington Avs (C),Brooklyn,40.68326187133789,-73.96583557128906
"Nostrand Av (A,C)",Brooklyn,40.68043899536133,-73.95042419433594
Kingston-Throop Avs (C),Brooklyn,40.6799201965332,-73.94085693359375
"Utica Av (A,C)",Brooklyn,40.67936325073242,-73.93073272705078
Ralph Av (C),Brooklyn,40.6788215637207,-73.92078399658203
Rockaway Av (C),Brooklyn,40.678340911865234,-73.91194915771484
Liberty Av (C),Brooklyn,40.67454147338867,-73.89654541015625
Van Siclen Av (C),Brooklyn,40.67271041870117,-73.8903579711914
Shepherd Av (C),Brooklyn,40.674129486083984,-73.88075256347656
"Euclid Av (A,C)",Brooklyn,40.675376892089844,-73.87210845947266
Grant Av (A),Brooklyn,40.67704391479492,-73.86505126953125
80 St (A),Queens,40.67937088012695,-73.85899353027344
88 St (A),Queens,40.67984390258789,-73.85147094726562
Rockaway Blvd (A),Queens,40.68042755126953,-73.84385681152344
104 St (A),Queens,40.68170928955078,-73.83768463134766
111 St (A),Queens,40.684329986572266,-73.83216094970703
Ozone Park-Lefferts Blvd (A),Queens,40.685951232910156,-73.82579803466797
Aqueduct Racetrack (A),Queens,40.668235778808594,-73.83406066894531
Aqueduct-N Conduit Av (A),Queens,40.668235778808594,-73.83406066894531
Howard Beach-JFK Airport (A),Queens,40.66047668457031,-73.8302993774414
"Broad Channel (A,S)",Queens,40.60838317871094,-73.81592559814453
"Astoria Blvd (N,W)",Queens,40.770259857177734,-73.9178466796875
"City Hall (R,W)",Manhattan,40.71328353881836,-74.0069808959961
"Beach 90 St (A,S)",Queens,40.588035583496094,-73.81364440917969
"Beach 98 St (A,S)",Queens,40.58530807495117,-73.820556640625
"Beach 105 St (A,S)",Queens,40.58320999145508,-73.82756042480469
"Rockaway Park-Beach 116 St (A,S)",Queens,40.580902099609375,-73.8355941772461
Beach 67 St (A),Queens,40.59092712402344,-73.79692077636719
Beach 60 St (A),Queens,40.59237289428711,-73.78852081298828
Beach 44 St (A),Queens,40.59294128417969,-73.77601623535156
Beach 36 St (A),Queens,40.59539794921875,-73.76817321777344
Beach 25 St (A),Queens,40.600067138671875,-73.7613525390625
Far Rockaway-Mott Av (A),Queens,40.60399627685547,-73.75540161132812
Norwood-205 St (D),Bronx,40.87480926513672,-73.87885284423828
"Bedford Park Blvd (B,D)",Bronx,40.87324523925781,-73.88713836669922
"Kingsbridge Rd (B,D)",Bronx,40.86697769165039,-73.89350891113281
"Fordham Rd (B,D)",Bronx,40.861297607421875,-73.89775085449219
"182-183 Sts (B,D)",Bronx,40.85609436035156,-73.90074157714844
"Tremont Av (B,D)",Bronx,40.85041046142578,-73.90522766113281
"174-175 Sts (B,D)",Bronx,40.84590148925781,-73.9101333618164
"170 St (B,D)",Bronx,40.83930587768555,-73.91339874267578
"167 St (B,D)",Bronx,40.833770751953125,-73.91844177246094
"Rector St (R,W)",Manhattan,40.707218170166016,-74.01334381103516
"155 St (B,D)",Manhattan,40.830135345458984,-73.9382095336914
21 St-Queensbridge (F),Queens,40.75420379638672,-73.94283294677734
Roosevelt Island (F),Manhattan,40.7591438293457,-73.95326232910156
"Lexington Av/63 St (F,Q)",Manhattan,40.76462936401367,-73.96611022949219
57 St (F),Manhattan,40.763973236083984,-73.97744750976562
"47-50 Sts-Rockefeller Ctr (B,D,F,M)",Manhattan,40.758663177490234,-73.98133087158203
"23 St (F,M)",Manhattan,40.74287796020508,-73.9928207397461
"Grand St (B,D)",Manhattan,40.718265533447266,-73.9937515258789
2 Av (F),Manhattan,40.7234001159668,-73.98993682861328
East Broadway (F),Manhattan,40.713714599609375,-73.99017333984375
York St (F),Brooklyn,40.70139694213867,-73.98674774169922
"Bergen St (F,G)",Brooklyn,40.6861457824707,-73.99085998535156
"Carroll St (F,G)",Brooklyn,40.680301666259766,-73.99504852294922
"Smith-9 Sts (F,G)",Brooklyn,40.673580169677734,-73.99595642089844
"7 Av (F,G)",Brooklyn,40.6662712097168,-73.98030853271484
"15 St-Prospect Park (F,G)",Brooklyn,40.66036605834961,-73.9794921875
"Fort Hamilton Pkwy (F,G)",Brooklyn,40.65078353881836,-73.97577667236328
"Church Av (F,G)",Brooklyn,40.644039154052734,-73.97967529296875
Ditmas Av (F),Brooklyn,40.6361198425293,-73.9781723022461
18 Av (F),Brooklyn,40.62975311279297,-73.97697448730469
Avenue I (F),Brooklyn,40.62532043457031,-73.97612762451172
Bay Pkwy (F),Brooklyn,40.62076950073242,-73.97526550292969
Avenue N (F),Brooklyn,40.61513900756836,-73.97419738769531
Avenue P (F),Brooklyn,40.608943939208984,-73.9730224609375
Kings Hwy (F),Brooklyn,40.60321807861328,-73.97235870361328
Avenue U (F),Brooklyn,40.59606170654297,-73.97335815429688
Avenue X (F),Brooklyn,40.58961868286133,-73.97425079345703
Neptune Av (F),Brooklyn,40.58101272583008,-73.97457122802734
Jamaica-179 St (F),Queens,40.712646484375,-73.7838134765625
169 St (F),Queens,40.71046829223633,-73.7936019897461
Parsons Blvd (F),Queens,40.70756530761719,-73.80332946777344
Sutphin Blvd (F),Queens,40.70545959472656,-73.81070709228516
"Briarwood (E,F)",Queens,40.70917892456055,-73.82057189941406
"Kew Gardens-Union Tpke (E,F)",Queens,40.714439392089844,-73.83100891113281
"DeKalb Av (B,Q,R)",Brooklyn,40.690635681152344,-73.98182678222656
"75 Av (E,F)",Queens,40.71833038330078,-73.83732604980469
"Forest Hills-71 Av (E,F,M,R)",Queens,40.7216911315918,-73.84452056884766
"67 Av (M,R)",Queens,40.726524353027344,-73.85272216796875
"63 Dr-Rego Park (M,R)",Queens,40.7298469543457,-73.86160278320312
"Woodhaven Blvd (M,R)",Queens,40.73310470581055,-73.86923217773438
"Grand Av-Newtown (M,R)",Queens,40.73701477050781,-73.8772201538086
"Elmhurst Av (M,R)",Queens,40.742454528808594,-73.88201904296875
"65 St (M,R)",Queens,40.74966812133789,-73.89845275878906
"Northern Blvd (M,R)",Queens,40.75288391113281,-73.906005859375
"46 St (M,R)",Queens,40.75631332397461,-73.913330078125
"Steinway St (M,R)",Queens,40.75687789916992,-73.92073822021484
"36 St (M,R)",Queens,40.75204086303711,-73.92877960205078
"Queens Plaza (E,M,R)",Queens,40.74897384643555,-73.93724060058594
"5 Av/53 St (E,M)",Manhattan,40.76016616821289,-73.97522735595703
"7 Av (E,B,D)",Manhattan,40.76286315917969,-73.98163604736328
"Jamaica Center-Parsons/Archer (E,J,Z)",Queens,40.7021484375,-73.80110931396484
"Sutphin Blvd-Archer Av-JFK Airport (E,J,Z)",Queens,40.70048522949219,-73.80796813964844
Union St (R),Brooklyn,40.67731475830078,-73.98310852050781
Jamaica-Van Wyck (E),Queens,40.70256423950195,-73.81685638427734
21 St (G),Queens,40.74406433105469,-73.94972229003906
Greenpoint Av (G),Brooklyn,40.731353759765625,-73.95445251464844
Nassau Av (G),Brooklyn,40.72463607788086,-73.95127868652344
Broadway (G),Brooklyn,40.706092834472656,-73.95030975341797
Flushing Av (G),Brooklyn,40.70037841796875,-73.95023345947266
Myrtle-Willoughby Avs (G),Brooklyn,40.6945686340332,-73.94904327392578
Bedford-Nostrand Avs (G),Brooklyn,40.68962860107422,-73.95352172851562
Classon Av (G),Brooklyn,40.688873291015625,-73.96006774902344
Clinton-Washington Avs (G),Brooklyn,40.688087463378906,-73.96684265136719
Fulton St (G),Brooklyn,40.68711853027344,-73.97537231445312
Van Cortlandt Park-242 St (1),Bronx,40.88924789428711,-73.8985824584961
238 St (1),Bronx,40.884666442871094,-73.90087127685547
231 St (1),Bronx,40.87885665893555,-73.90483093261719
Marble Hill-225 St (1),Manhattan,40.87456130981445,-73.90982818603516
215 St (1),Manhattan,40.86944580078125,-73.91527557373047
207 St (1),Manhattan,40.864620208740234,-73.9188232421875
Dyckman St (1),Manhattan,40.860530853271484,-73.925537109375
"30 Av (N,W)",Queens,40.766780853271484,-73.92147827148438
Prospect Av (R),Brooklyn,40.66541290283203,-73.99287414550781
191 St (1),Manhattan,40.855224609375,-73.92941284179688
181 St (1),Manhattan,40.84950637817383,-73.93359375
157 St (1),Manhattan,40.834041595458984,-73.94489288330078
145 St (1),Manhattan,40.8265495300293,-73.95036315917969
137 St-City College (1),Manhattan,40.82200622558594,-73.95367431640625
125 St (1),Manhattan,40.815582275390625,-73.9583740234375
116 St-Columbia University (1),Manhattan,40.80772018432617,-73.964111328125
Cathedral Pkwy (110 St) (1),Manhattan,40.8039665222168,-73.96685028076172
103 St (1),Manhattan,40.79944610595703,-73.96837615966797
25 St (R),Brooklyn,40.660396575927734,-73.99809265136719
"96 St (1,2,3)",Manhattan,40.79391860961914,-73.97232055664062
86 St (1),Manhattan,40.78864288330078,-73.9762191772461
79 St (1),Manhattan,40.783935546875,-73.97991943359375
"72 St (1,2,3)",Manhattan,40.7784538269043,-73.98197174072266
66 St-Lincoln Center (1),Manhattan,40.773441314697266,-73.98220825195312
50 St (1),Manhattan,40.76172637939453,-73.98384857177734
"34 St-Penn Station (1,2,3)",Manhattan,40.75037384033203,-73.99105834960938
28 St (1),Manhattan,40.747215270996094,-73.99336242675781
"36 St (D,N,R)",Brooklyn,40.65514373779297,-74.00354766845703
23 St (1),Manhattan,40.74407958984375,-73.99565887451172
18 St (1),Manhattan,40.74103927612305,-73.99787139892578
Christopher St-Sheridan Sq (1),Manhattan,40.733421325683594,-74.0029067993164
Houston St (1),Manhattan,40.72825241088867,-74.00536346435547
Canal St (1),Manhattan,40.72285461425781,-74.00627899169922
Franklin St (1),Manhattan,40.71931838989258,-74.00688934326172
"Chambers St (1,2,3)",Manhattan,40.715476989746094,-74.00926971435547
WTC Cortlandt (1),Manhattan,40.71183395385742,-74.01219177246094
Rector St (1),Manhattan,40.70751190185547,-74.01378631591797
45 St (R),Brooklyn,40.6489372253418,-74.010009765625
"Wall St (2,3)",Manhattan,40.70682144165039,-74.00910186767578
"Clark St (2,3)",Brooklyn,40.69746780395508,-73.99308776855469
"Hoyt St (2,3)",Brooklyn,40.69054412841797,-73.98506164550781
"Nevins St (2,3,4,5)",Brooklyn,40.68824768066406,-73.9804916381836
"Bergen St (2,3)",Brooklyn,40.68082809448242,-73.97509765625
53 St (R),Brooklyn,40.64506912231445,-74.01403045654297
"Grand Army Plaza (2,3)",Brooklyn,40.675235748291016,-73.9710464477539
"Eastern Pkwy-Brooklyn Museum (2,3)",Brooklyn,40.6719856262207,-73.9643783569336
Nostrand Av (3),Brooklyn,40.66984558105469,-73.9504623413086
Kingston Av (3),Brooklyn,40.66939926147461,-73.9421615600586
"Crown Hts-Utica Av (3,4)",Brooklyn,40.66889572143555,-73.93294525146484
Sutter Av-Rutland Rd (3),Brooklyn,40.66471862792969,-73.922607421875
Saratoga Av (3),Brooklyn,40.66145324707031,-73.91632843017578
Rockaway Av (3),Brooklyn,40.66254806518555,-73.90894317626953
Junius St (3),Brooklyn,40.66351318359375,-73.90245056152344
"59 St (N,R)",Brooklyn,40.641361236572266,-74.01788330078125
Pennsylvania Av (3),Brooklyn,40.664634704589844,-73.8948974609375
Van Siclen Av (3),Brooklyn,40.66544723510742,-73.88939666748047
New Lots Av (3),Brooklyn,40.666236877441406,-73.88407897949219
"President St-Medgar Evers College (2,5)",Brooklyn,40.667884826660156,-73.95068359375
"Sterling St (2,5)",Brooklyn,40.662742614746094,-73.95085144042969
"Winthrop St (2,5)",Brooklyn,40.65665054321289,-73.95020294189453
"Church Av (2,5)",Brooklyn,40.65084457397461,-73.94957733154297
"Beverly Rd (2,5)",Brooklyn,40.64509963989258,-73.94895935058594
"Newkirk Av-Little Haiti (2,5)",Brooklyn,40.63996887207031,-73.94841003417969
"Flatbush Av-Brooklyn College (2,5)",Brooklyn,40.632835388183594,-73.94763946533203
Bay Ridge Av (R),Brooklyn,40.63496780395508,-74.02337646484375
Pelham Bay Park (6),Bronx,40.85246276855469,-73.82811737060547
Buhre Av (6),Bronx,40.84680938720703,-73.83256530761719
Middletown Rd (6),Bronx,40.84386444091797,-73.83631896972656
Westchester Sq-E Tremont Av (6),Bronx,40.83989334106445,-73.84294891357422
Zerega Av (6),Bronx,40.83648681640625,-73.84703826904297
Castle Hill Av (6),Bronx,40.83425521850586,-73.8512191772461
Parkchester (6),Bronx,40.83322525024414,-73.8608169555664
St Lawrence Av (6),Bronx,40.83150863647461,-73.86761474609375
Morrison Av-Soundview (6),Bronx,40.82952117919922,-73.87451934814453
Elder Av (6),Bronx,40.828582763671875,-73.87915802001953
77 St (R),Brooklyn,40.62974166870117,-74.0255126953125
Whitlock Av (6),Bronx,40.8265266418457,-73.88628387451172
Hunts Point Av (6),Bronx,40.82094955444336,-73.89054870605469
Longwood Av (6),Bronx,40.816104888916016,-73.89643859863281
E 149 St (6),Bronx,40.81211853027344,-73.90409851074219
E 143 St-St Mary's St (6),Bronx,40.808719635009766,-73.90765380859375
Cypress Av (6),Bronx,40.80536651611328,-73.9140396118164
Brook Av (6),Bronx,40.80756759643555,-73.91924285888672
3 Av-138 St (6),Bronx,40.81047439575195,-73.92613983154297
Woodlawn (4),Bronx,40.88603591918945,-73.87875366210938
Mosholu Pkwy (4),Bronx,40.8797492980957,-73.88465881347656
86 St (R),Brooklyn,40.62268829345703,-74.02839660644531
Bedford Park Blvd-Lehman College (4),Bronx,40.8734130859375,-73.89006042480469
Kingsbridge Rd (4),Bronx,40.867759704589844,-73.89717102050781
Fordham Rd (4),Bronx,40.8628044128418,-73.90103149414062
183 St (4),Bronx,40.85840606689453,-73.90387725830078
Burnside Av (4),Bronx,40.85345458984375,-73.90768432617188
176 St (4),Bronx,40.848480224609375,-73.91179656982422
Mt Eden Av (4),Bronx,40.84443283081055,-73.91468811035156
170 St (4),Bronx,40.8400764465332,-73.91779327392578
167 St (4),Bronx,40.83553695678711,-73.92140197753906
Bay Ridge-95 St (R),Brooklyn,40.61662292480469,-74.03087615966797
"138 St-Grand Concourse (4,5)",Bronx,40.81322479248047,-73.92984771728516
"125 St (4,5,6)",Manhattan,40.80413818359375,-73.93759155273438
116 St (6),Manhattan,40.79862976074219,-73.94161987304688
110 St (6),Manhattan,40.795021057128906,-73.94425201416016
103 St (6),Manhattan,40.79059982299805,-73.94747924804688
96 St (6),Manhattan,40.78567123413086,-73.9510726928711
"86 St (4,5,6)",Manhattan,40.77949142456055,-73.9555892944336
77 St (6),Manhattan,40.77362060546875,-73.95987701416016
68 St-Hunter College (6),Manhattan,40.76814270019531,-73.9638671875
"Broadway (N,W)",Queens,40.76182174682617,-73.92550659179688
33 St (6),Manhattan,40.7460823059082,-73.9820785522461
28 St (6),Manhattan,40.74306869506836,-73.98426055908203
23 St (6),Manhattan,40.739864349365234,-73.98660278320312
Astor Pl (6),Manhattan,40.73005294799805,-73.99107360839844
Spring St (6),Manhattan,40.7223014831543,-73.99713897705078
"7 Av (B,Q)",Brooklyn,40.67705154418945,-73.97236633300781
"Wall St (4,5)",Manhattan,40.707557678222656,-74.0118637084961
"Bowling Green (4,5)",Manhattan,40.70481872558594,-74.01406860351562
Wakefield-241 St (2),Bronx,40.90312576293945,-73.85061645507812
"Nereid Av (2,5)",Bronx,40.898380279541016,-73.85437774658203
"233 St (2,5)",Bronx,40.893192291259766,-73.85747528076172
"225 St (2,5)",Bronx,40.888023376464844,-73.86034393310547
"Prospect Park (B,Q,S)",Brooklyn,40.66161346435547,-73.96224975585938
"219 St (2,5)",Bronx,40.88389587402344,-73.86263275146484
"Gun Hill Rd (2,5)",Bronx,40.87784957885742,-73.86625671386719
"Burke Av (2,5)",Bronx,40.87135696411133,-73.8671646118164
"Allerton Av (2,5)",Bronx,40.86546325683594,-73.86735534667969
"Pelham Pkwy (2,5)",Bronx,40.85719299316406,-73.86761474609375
"Bronx Park East (2,5)",Bronx,40.84882736206055,-73.86845397949219
"E 180 St (2,5)",Bronx,40.84189224243164,-73.87348937988281
"West Farms Sq-E Tremont Av (2,5)",Bronx,40.840293884277344,-73.88005065917969
"174 St (2,5)",Bronx,40.83728790283203,-73.88773345947266
"Freeman St (2,5)",Bronx,40.829994201660156,-73.8918685913086
Parkside Av (Q),Brooklyn,40.65529251098633,-73.96149444580078
"Simpson St (2,5)",Bronx,40.824073791503906,-73.89306640625
"Intervale Av (2,5)",Bronx,40.822181701660156,-73.89673614501953
"Prospect Av (2,5)",Bronx,40.819583892822266,-73.90177154541016
"Jackson Av (2,5)",Bronx,40.816490173339844,-73.90780639648438
"3 Av-149 St (2,5)",Bronx,40.81610870361328,-73.91775512695312
Harlem-148 St (3),Manhattan,40.82387924194336,-73.93647003173828
145 St (3),Manhattan,40.82041931152344,-73.93624877929688
"135 St (2,3)",Manhattan,40.81422805786133,-73.9407730102539
"125 St (2,3)",Manhattan,40.80775451660156,-73.94549560546875
"Church Av (B,Q)",Brooklyn,40.65052795410156,-73.96298217773438
"116 St (2,3)",Manhattan,40.80209732055664,-73.94962310791016
"Central Park North (110 St) (2,3)",Manhattan,40.799076080322266,-73.95182037353516
Eastchester-Dyre Av (5),Bronx,40.888301849365234,-73.8308334350586
Baychester Av (5),Bronx,40.878662109375,-73.83859252929688
Gun Hill Rd (5),Bronx,40.86952590942383,-73.84638214111328
Pelham Pkwy (5),Bronx,40.858985900878906,-73.85536193847656
Morris Park (5),Bronx,40.85436248779297,-73.8604965209961
Flushing-Main St (7),Queens,40.75960159301758,-73.83003234863281
Mets-Willets Point (7),Queens,40.75462341308594,-73.84562683105469
111 St (7),Queens,40.751731872558594,-73.85533142089844
Beverley Rd (Q),Brooklyn,40.6440315246582,-73.96449279785156
103 St-Corona Plaza (7),Queens,40.7498664855957,-73.86270141601562
Junction Blvd (7),Queens,40.7491455078125,-73.8695297241211
90 St-Elmhurst Av (7),Queens,40.748409271240234,-73.8766098022461
82 St-Jackson Hts (7),Queens,40.747657775878906,-73.88369750976562
69 St (7),Queens,40.7463264465332,-73.89640045166016
61 St-Woodside (7),Queens,40.745628356933594,-73.90298461914062
52 St (7),Queens,40.74414825439453,-73.91255187988281
46 St-Bliss St (7),Queens,40.743133544921875,-73.9184341430664
40 St-Lowery St (7),Queens,40.74378204345703,-73.92401885986328
Cortelyou Rd (Q),Brooklyn,40.640926361083984,-73.9638900756836
33 St-Rawson St (7),Queens,40.74458694458008,-73.93099975585938
"Queensboro Plaza (7,N,W)",Queens,40.75058364868164,-73.94020080566406
Hunters Point Av (7),Queens,40.74221420288086,-73.94891357421875
Vernon Blvd-Jackson Av (7),Queens,40.74262619018555,-73.95358276367188
"Newkirk Plaza (B,Q)",Brooklyn,40.63508224487305,-73.9627914428711
34 St-Hudson Yards (7),Manhattan,40.755882263183594,-74.00190734863281
96 St (Q),Manhattan,40.78431701660156,-73.94715118408203
86 St (Q),Manhattan,40.777889251708984,-73.95178985595703
72 St (Q),Manhattan,40.768798828125,-73.95842742919922
Avenue H (Q),Brooklyn,40.629268646240234,-73.96163940429688
Avenue J (Q),Brooklyn,40.625038146972656,-73.96080017089844
"36 Av (N,W)",Queens,40.756805419921875,-73.92957305908203
Avenue M (Q),Brooklyn,40.617618560791016,-73.95939636230469
St George (SIR),Staten Island,40.64374923706055,-74.07364654541016
Tompkinsville (SIR),Staten Island,40.63694763183594,-74.07483673095703
"Kings Hwy (B,Q)",Brooklyn,40.60866928100586,-73.95773315429688
Avenue U (Q),Brooklyn,40.599300384521484,-73.9559326171875
Neck Rd (Q),Brooklyn,40.595245361328125,-73.95516204833984
"Sheepshead Bay (B,Q)",Brooklyn,40.58689498901367,-73.95415496826172
"Brighton Beach (B,Q)",Brooklyn,40.57762145996094,-73.96137237548828
Ocean Pkwy (Q),Brooklyn,40.57631301879883,-73.96849822998047
"W 8 St-NY Aquarium (F,Q)",Brooklyn,40.57612609863281,-73.97593688964844
"Coney Island-Stillwell Av (D,F,N,Q)",Brooklyn,40.577423095703125,-73.98123168945312
9 Av (D),Brooklyn,40.64629364013672,-73.99432373046875
"39 Av-Dutch Kills (N,W)",Queens,40.75288009643555,-73.93275451660156
Fort Hamilton Pkwy (D),Brooklyn,40.64091491699219,-73.99430084228516
"14 St (F,M,1,2,3)/6 Av (L)",Manhattan,40.73822784423828,-73.99620819091797
"14 St-Union Sq (L,N,Q,R,W,4,5,6)",Manhattan,40.73467254638672,-73.98995208740234
"149 St-Grand Concourse (2,4,5)",Bronx,40.81837463378906,-73.92735290527344
"161 St-Yankee Stadium (B,D,4)",Bronx,40.827903747558594,-73.92565155029297
"168 St (A,C,1)",Manhattan,40.84071731567383,-73.93955993652344
"Court Sq (E,G,M,7)",Queens,40.74655532836914,-73.94383239746094
"34 St-Herald Sq (B,D,F,M,N,Q,R,W)",Manhattan,40.749717712402344,-73.98782348632812
"4 Av (F,G)/9 St (R)",Brooklyn,40.67084884643555,-73.9883041381836
"Bryant Pk (B,D,F,M)/5 Av (7)",Manhattan,40.753822326660156,-73.98196411132812
50 St (D),Brooklyn,40.636260986328125,-73.99478912353516
"Grand Central-42 St (S,4,5,6,7)",Manhattan,40.75177764892578,-73.97684478759766
"Times Sq-42 St (N,Q,R,W,S,1,2,3,7)/42 St (A,C,E)",Manhattan,40.75529098510742,-73.98675537109375
"Lexington Av-53 St (E,M)/51 St (6)",Manhattan,40.75755310058594,-73.96905517578125
"Lexington Av (N,R,W)/59 St (4,5,6)",Manhattan,40.76266098022461,-73.96725463867188
"59 St-Columbus Circle (A,B,C,D,1)",Manhattan,40.76829528808594,-73.98173522949219
New Utrecht Av (N)/62 St (D),Brooklyn,40.62484359741211,-73.99635314941406
"74-Broadway (7)/Jackson Hts-Roosevelt Av (E,F,M,R)",Queens,40.74664306640625,-73.8913345336914
"Atlantic Av-Barclays Ctr (B,D,N,Q,R,2,3,4,5)",Brooklyn,40.6844596862793,-73.97689056396484
"14 St (A,C,E)/8 Av (L)",Manhattan,40.74089431762695,-74.00169372558594
"Broadway-Lafayette St (B,D,F,M)/Bleecker St (6)",Manhattan,40.725914001464844,-73.99465942382812
55 St (D),Brooklyn,40.63143539428711,-73.99547576904297
"Court St (R)/Borough Hall (2,3,4,5)",Brooklyn,40.69321823120117,-73.98999786376953
"Broadway Junction (A,C,J,L,Z)",Brooklyn,40.6783332824707,-73.90531921386719
"Brooklyn Bridge-City Hall (4,5,6)/Chambers St (J,Z)",Manhattan,40.71324157714844,-74.00340270996094
"Canal St (J,N,Q,R,W,Z,6)",Manhattan,40.71809387207031,-73.99989318847656
"Chambers St (A,C)/WTC (E)/Park Pl (2,3)/Cortlandt (R,W)",Manhattan,40.714111328125,-74.00858306884766
"Delancey St (F)/Essex St (J,M,Z)",Manhattan,40.71831512451172,-73.98743438720703
"Franklin Av (2,3,4,5)/Botanic Garden (S)",Brooklyn,40.67068099975586,-73.9581298828125
"Franklin Av (C,S)",Brooklyn,40.68138122558594,-73.95684814453125
"Fulton St (A,C,J,Z,2,3,4,5)",Manhattan,40.709415435791016,-74.0065689086914
Lorimer St (L)/Metropolitan Av (G),Brooklyn,40.71406173706055,-73.95027160644531
"Myrtle-Wyckoff Avs (L,M)",Brooklyn,40.69981384277344,-73.91158294677734
"South Ferry (1)/Whitehall St (R,W)",Manhattan,40.703086853027344,-74.01299285888672
"Jay St-MetroTech (A,C,F,R)",Brooklyn,40.69233703613281,-73.9859390258789
71 St (D),Brooklyn,40.619590759277344,-73.99886322021484
79 St (D),Brooklyn,40.613502502441406,-74.0006103515625
18 Av (D),Brooklyn,40.60795211791992,-74.00173950195312
20 Av (D),Brooklyn,40.604557037353516,-73.9981689453125
Bay Pkwy (D),Brooklyn,40.60187530517578,-73.99372863769531
25 Av (D),Brooklyn,40.59770584106445,-73.98683166503906
Bay 50 St (D),Brooklyn,40.58884048461914,-73.9837646484375
8 Av (N),Brooklyn,40.63506317138672,-74.01171875
Fort Hamilton Pkwy (N),Brooklyn,40.631385803222656,-74.0053482055664
18 Av (N),Brooklyn,40.620670318603516,-73.99041748046875
20 Av (N),Brooklyn,40.617408752441406,-73.98502349853516
Bay Pkwy (N),Brooklyn,40.61181640625,-73.98184967041016
Kings Hwy (N),Brooklyn,40.60392379760742,-73.98035430908203
Avenue U (N),Brooklyn,40.59747314453125,-73.97913360595703
86 St (N),Brooklyn,40.59272003173828,-73.97823333740234
"5 Av/59 St (N,R,W)",Manhattan,40.76481246948242,-73.97335052490234
"121 St (J,Z)",Queens,40.70049285888672,-73.82829284667969
111 St (J),Queens,40.697418212890625,-73.83634185791016
"104 St (J,Z)",Queens,40.6951789855957,-73.84432983398438
"Woodhaven Blvd (J,Z)",Queens,40.693878173828125,-73.85157775878906
85 St-Forest Pkwy (J),Queens,40.69243621826172,-73.8600082397461
"75 St-Elderts Ln (J,Z)",Queens,40.691322326660156,-73.86714172363281
Cypress Hills (J),Brooklyn,40.68994140625,-73.87255096435547
"Crescent St (J,Z)",Brooklyn,40.68319320678711,-73.87378692626953
"Norwood Av (J,Z)",Brooklyn,40.68141174316406,-73.88003540039062
Cleveland St (J),Brooklyn,40.67994689941406,-73.88463592529297
"57 St-7 Av (N,Q,R,W)",Manhattan,40.76466369628906,-73.98065948486328
"Van Siclen Av (J,Z)",Brooklyn,40.67802429199219,-73.89168548583984
Alabama Av (J),Brooklyn,40.6769905090332,-73.89865112304688
"Chauncey St (J,Z)",Brooklyn,40.682891845703125,-73.91045379638672
Halsey St (J),Brooklyn,40.686370849609375,-73.91655731201172
"Gates Av (J,Z)",Brooklyn,40.68962860107422,-73.92227172851562
Kosciuszko St (J),Brooklyn,40.69334030151367,-73.92881774902344
"Myrtle Av (M,J,Z)",Brooklyn,40.697208404541016,-73.93565368652344
"Flushing Av (M,J)",Brooklyn,40.700260162353516,-73.94112396240234
"Lorimer St (M,J)",Brooklyn,40.7038688659668,-73.9474105834961
RI Tramway (Manhattan),Manhattan,40.761338,-73.964155
RI Tramway (Roosevelt),Manhattan,40.75734,-73.954114
