station_complex_id,station_complex,latitude,longitude,Georeference,borough
A002,"Lexington Av (N,R,W)/59 St (4,5,6)",40.76266,-73.967255,POINT (-73.967255 40.76266),M
A006,"5 Av-59 St (N,R,W)",40.764812,-73.97335,POINT (-73.97335 40.764812),M
A010,"57 St-7 Av (N,Q,R,W)",40.764664,-73.98066,POINT (-73.98066 40.764664),M
A013,"49 St (N,R,W)",40.7599,-73.98414,POINT (-73.98414 40.7599),M
A022,"34 St-Herald Sq (B,D,F,M,N,Q,R,W)",40.749718,-73.98782,POINT (-73.98782 40.749718),M
A027,"28 St (R,W)",40.745495,-73.98869,POINT (-73.98869 40.745495),M
A030,"23 St (R,W)",40.741302,-73.98934,POINT (-73.98934 40.741302),M
A034,"14 St-Union Sq (L,N,Q,R,W,4,5,6)",40.735737,-73.98995,POINT (-73.98995 40.735737),M
A038,"8 St-New York University (R,W)",40.730328,-73.99263,POINT (-73.99263 40.730328),M
A041,"Prince St (R,W)",40.72433,-73.9977,POINT (-73.9977 40.72433),M
A043,"Canal St (J,N,Q,R,W,Z,6)",40.71953,-73.99989,POINT (-73.99989 40.71953),M
A047,"City Hall (R,W)",40.713284,-74.00698,POINT (-74.00698 40.713284),M
A054,"Rector St (R,W)",40.70722,-74.01334,POINT (-74.01334 40.70722),M
A064,"Bowery (J,Z)",40.72028,-73.99391,POINT (-73.99391 40.72028),M
A069,"Brooklyn Bridge-City Hall (4,5,6)/Chambers St (J,Z)",40.71324,-74.0034,POINT (-74.0034 40.71324),M
A083,"Broad St (J,Z)",40.706474,-74.011055,POINT (-74.011055 40.706474),M
B004,"7 Av (B,Q)",40.67705,-73.97237,POINT (-73.97237 40.67705),BK
B009,Park Pl (S),40.67477,-73.95763,POINT (-73.95763 40.67477),BK
B013,"Prospect Park (B,Q,S)",40.661613,-73.96225,POINT (-73.96225 40.661613),BK
B014,Parkside Av (Q),40.655293,-73.961494,POINT (-73.961494 40.655293),BK
B016,"Church Av (B,Q)",40.650528,-73.96298,POINT (-73.96298 40.650528),BK
B017,Beverley Rd (Q),40.64403,-73.96449,POINT (-73.96449 40.64403),BK
B018,Cortelyou Rd (Q),40.640926,-73.96389,POINT (-73.96389 40.640926),BK
B019,"Newkirk Plaza (B,Q)",40.635082,-73.96279,POINT (-73.96279 40.635082),BK
B020,Avenue H (Q),40.62927,-73.96164,POINT (-73.96164 40.62927),BK
B021,Avenue J (Q),40.62504,-73.9608,POINT (-73.9608 40.62504),BK
B022,Avenue M (Q),40.61762,-73.9594,POINT (-73.9594 40.61762),BK
B024,"Kings Hwy (B,Q)",40.60867,-73.95773,POINT (-73.95773 40.60867),BK
B025,Avenue U (Q),40.5993,-73.95593,POINT (-73.95593 40.5993),BK
B026,Neck Rd (Q),40.595245,-73.95516,POINT (-73.95516 40.595245),BK
B027,"Sheepshead Bay (B,Q)",40.586895,-73.954155,POINT (-73.954155 40.586895),BK
B029,"Brighton Beach (B,Q)",40.57762,-73.96137,POINT (-73.96137 40.57762),BK
B032,Ocean Pkwy (Q),40.576313,-73.9685,POINT (-73.9685 40.576313),BK
C008,"DeKalb Av (B,Q,R)",40.690636,-73.98183,POINT (-73.98183 40.690636),BK
C010,Union St (R),40.677315,-73.98311,POINT (-73.98311 40.677315),BK
C012,"4 Av (F,G)/9 St (R)",40.67085,-73.988304,POINT (-73.988304 40.67085),BK
C014,Prospect Av (R),40.665413,-73.992874,POINT (-73.992874 40.665413),BK
C016,25 St (R),40.660397,-73.99809,POINT (-73.99809 40.660397),BK
C018,"36 St (D,N,R)",40.655144,-74.00355,POINT (-74.00355 40.655144),BK
C019,45 St (R),40.648937,-74.01001,POINT (-74.01001 40.648937),BK
C020,53 St (R),40.64507,-74.01403,POINT (-74.01403 40.64507),BK
C021,"59 St (N,R)",40.64136,-74.01788,POINT (-74.01788 40.64136),BK
C023,Bay Ridge Av (R),40.634968,-74.02338,POINT (-74.02338 40.634968),BK
C024,77 St (R),40.62974,-74.02551,POINT (-74.02551 40.62974),BK
C025,86 St (R),40.62269,-74.0284,POINT (-74.0284 40.62269),BK
C027,Bay Ridge-95 St (R),40.616623,-74.030876,POINT (-74.030876 40.616623),BK
D002,8 Av (N),40.635063,-74.01172,POINT (-74.01172 40.635063),BK
D003,Fort Hamilton Pkwy (N),40.631386,-74.00535,POINT (-74.00535 40.631386),BK
D008,18 Av (N),40.62067,-73.99042,POINT (-73.99042 40.62067),BK
D009,20 Av (N),40.61741,-73.98502,POINT (-73.98502 40.61741),BK
D010,Bay Pkwy (N),40.611816,-73.98185,POINT (-73.98185 40.611816),BK
D012,Kings Hwy (N),40.603924,-73.980354,POINT (-73.980354 40.603924),BK
D015,Avenue U (N),40.597473,-73.97913,POINT (-73.97913 40.597473),BK
D016,86 St (N),40.59272,-73.97823,POINT (-73.97823 40.59272),BK
E001,9 Av (D),40.646294,-73.99432,POINT (-73.99432 40.646294),BK
E003,Fort Hamilton Pkwy (D),40.640915,-73.9943,POINT (-73.9943 40.640915),BK
E004,50 St (D),40.63626,-73.99479,POINT (-73.99479 40.63626),BK
E005,55 St (D),40.631435,-73.995476,POINT (-73.995476 40.631435),BK
E006,New Utrecht Av (N)/62 St (D),40.626472,-73.99635,POINT (-73.99635 40.626472),BK
E009,71 St (D),40.61959,-73.99886,POINT (-73.99886 40.61959),BK
E011,79 St (D),40.613503,-74.00061,POINT (-74.00061 40.613503),BK
E012,18 Av (D),40.607952,-74.00174,POINT (-74.00174 40.607952),BK
E013,20 Av (D),40.604557,-73.99817,POINT (-73.99817 40.604557),BK
E014,Bay Pkwy (D),40.601875,-73.99373,POINT (-73.99373 40.601875),BK
E015,25 Av (D),40.597706,-73.98683,POINT (-73.98683 40.597706),BK
E016,Bay 50 St (D),40.58884,-73.983765,POINT (-73.983765 40.58884),BK
G009,"Coney Island-Stillwell Av (D,F,N,Q)",40.577423,-73.98123,POINT (-73.98123 40.577423),BK
G011,"West 8 St-New York Aquarium (F,Q)",40.576126,-73.97594,POINT (-73.97594 40.576126),BK
H006,3 Av (L),40.73285,-73.98612,POINT (-73.98612 40.73285),M
H007,1 Av (L),40.730953,-73.98163,POINT (-73.98163 40.730953),M
H009,Bedford Av (L),40.717304,-73.95687,POINT (-73.95687 40.717304),BK
H012,Lorimer St (L)/Metropolitan Av (G),40.71406,-73.95027,POINT (-73.95027 40.71406),BK
H013,Graham Av (L),40.714565,-73.94405,POINT (-73.94405 40.714565),BK
H015,Grand St (L),40.711926,-73.94067,POINT (-73.94067 40.711926),BK
H017,Montrose Av (L),40.70774,-73.93985,POINT (-73.93985 40.70774),BK
H019,Morgan Av (L),40.706154,-73.93314,POINT (-73.93314 40.706154),BK
H022,Jefferson St (L),40.706608,-73.92291,POINT (-73.92291 40.706608),BK
H023,DeKalb Av (L),40.70381,-73.91843,POINT (-73.91843 40.70381),BK
H026,"Myrtle-Wyckoff Avs (L,M)",40.699814,-73.91158,POINT (-73.91158 40.699814),BK
H028,Halsey St (L),40.695602,-73.90408,POINT (-73.90408 40.695602),BK
H032,Wilson Av (L),40.688763,-73.904045,POINT (-73.904045 40.688763),BK
H033,Bushwick Av-Aberdeen St (L),40.68283,-73.90525,POINT (-73.90525 40.68283),BK
H035,Atlantic Av (L),40.675346,-73.9031,POINT (-73.9031 40.675346),BK
H037,Sutter Av (L),40.66937,-73.90198,POINT (-73.90198 40.66937),BK
H038,Livonia Av (L),40.66404,-73.90057,POINT (-73.90057 40.66404),BK
H039,New Lots Av (L),40.658733,-73.89923,POINT (-73.89923 40.658733),BK
H040,East 105 St (L),40.650574,-73.89948,POINT (-73.89948 40.650574),BK
H041,Canarsie-Rockaway Pkwy (L),40.646652,-73.90185,POINT (-73.90185 40.646652),BK
J001,"Marcy Av (J,M,Z)",40.70836,-73.957756,POINT (-73.957756 40.70836),BK
J003,"Hewes St (J,M)",40.70687,-73.95343,POINT (-73.95343 40.70687),BK
J005,"Lorimer St (J,M)",40.70387,-73.94741,POINT (-73.94741 40.70387),BK
J007,"Flushing Av (J,M)",40.70026,-73.941124,POINT (-73.941124 40.70026),BK
J009,"Myrtle Av (J,M,Z)",40.69721,-73.93565,POINT (-73.93565 40.69721),BK
J012,Kosciuszko St (J),40.69334,-73.92882,POINT (-73.92882 40.69334),BK
J013,"Gates Av (J,Z)",40.68963,-73.92227,POINT (-73.92227 40.68963),BK
J016,Halsey St (J),40.68637,-73.91656,POINT (-73.91656 40.68637),BK
J017,"Chauncey St (J,Z)",40.68289,-73.91045,POINT (-73.91045 40.68289),BK
J020,Alabama Av (J),40.67699,-73.89865,POINT (-73.89865 40.67699),BK
J021,"Van Siclen Av (J,Z)",40.678024,-73.891685,POINT (-73.891685 40.678024),BK
J022,Cleveland St (J),40.679947,-73.884636,POINT (-73.884636 40.679947),BK
J023,"Norwood Av (J,Z)",40.68141,-73.880035,POINT (-73.880035 40.68141),BK
J024,"Crescent St (J,Z)",40.683193,-73.87379,POINT (-73.87379 40.683193),BK
J025,Cypress Hills (J),40.68994,-73.87255,POINT (-73.87255 40.68994),BK
J028,"75 St-Elderts Ln (J,Z)",40.691322,-73.86714,POINT (-73.86714 40.691322),Q
J030,85 St-Forest Pkwy (J),40.692436,-73.86001,POINT (-73.86001 40.692436),Q
J031,"Woodhaven Blvd (J,Z)",40.69388,-73.85158,POINT (-73.85158 40.69388),Q
J034,"104 St (J,Z)",40.69518,-73.84433,POINT (-73.84433 40.69518),Q
J035,111 St (J),40.69742,-73.83634,POINT (-73.83634 40.69742),Q
J037,"121 St (J,Z)",40.700493,-73.82829,POINT (-73.82829 40.700493),Q
K017,Central Av (M),40.697857,-73.9274,POINT (-73.9274 40.697857),BK
K019,Knickerbocker Av (M),40.698666,-73.91971,POINT (-73.91971 40.698666),BK
K022,Seneca Av (M),40.702763,-73.90774,POINT (-73.90774 40.702763),Q
K024,Forest Av (M),40.704422,-73.903076,POINT (-73.903076 40.704422),Q
K025,Fresh Pond Rd (M),40.706184,-73.895874,POINT (-73.895874 40.706184),Q
K026,Middle Village-Metropolitan Av (M),40.711395,-73.8896,POINT (-73.8896 40.711395),Q
N002A,Inwood-207 St (A),40.868073,-73.9199,POINT (-73.9199 40.868073),M
N003,Dyckman St (A),40.86549,-73.92727,POINT (-73.92727 40.86549),M
N006A,190 St (A),40.85902,-73.93418,POINT (-73.93418 40.85902),M
N007A,181 St (A),40.851696,-73.937965,POINT (-73.937965 40.851696),M
N010,175 St (A),40.84739,-73.939705,POINT (-73.939705 40.84739),M
N016A,163 St-Amsterdam Av (C),40.836014,-73.939896,POINT (-73.939896 40.836014),M
N017,155 St (C),40.830517,-73.94151,POINT (-73.94151 40.830517),M
N019,"145 St (A,B,C,D)",40.824783,-73.944214,POINT (-73.944214 40.824783),M
N024,"135 St (B,C)",40.817894,-73.94765,POINT (-73.94765 40.817894),M
N026,"125 St (A,B,C,D)",40.811108,-73.95235,POINT (-73.95235 40.811108),M
N030,"116 St (B,C)",40.805084,-73.95488,POINT (-73.95488 40.805084),M
N035,"Cathedral Pkwy-110 St (B,C)",40.800602,-73.95816,POINT (-73.95816 40.800602),M
N037,"103 St (B,C)",40.796093,-73.96146,POINT (-73.96146 40.796093),M
N040,"96 St (B,C)",40.79164,-73.9647,POINT (-73.9647 40.79164),M
N043,"86 St (B,C)",40.78587,-73.96892,POINT (-73.96892 40.78587),M
N044,"81 St-Museum of Natural History (B,C)",40.781433,-73.972145,POINT (-73.972145 40.781433),M
N046,"72 St (B,C)",40.775593,-73.97641,POINT (-73.97641 40.775593),M
N049,"59 St-Columbus Circle (A,B,C,D,1)",40.768295,-73.981735,POINT (-73.981735 40.768295),M
N056,"50 St (C,E)",40.762455,-73.985985,POINT (-73.985985 40.762455),M
N060,"Times Sq-42 St (N,Q,R,W,S,1,2,3,7)/42 St (A,C,E)/Bryant Pk (B,D,F,M)/5 Av (7)",40.75731,-73.981964,POINT (-73.981964 40.75731),M
N070,"34 St-Penn Station (A,C,E)",40.75229,-73.99339,POINT (-73.99339 40.75229),M
N076,"23 St (C,E)",40.745907,-73.99804,POINT (-73.99804 40.745907),M
N078,"14 St (A,C,E)/8 Av (L)",40.740894,-74.00169,POINT (-74.00169 40.740894),M
N080,"West 4 St-Washington Sq (A,B,C,D,E,F,M)",40.732338,-74.000496,POINT (-74.000496 40.732338),M
N086,"Spring St (C,E)",40.726227,-74.00374,POINT (-74.00374 40.726227),M
N089,"Canal St (A,C,E)",40.720825,-74.005226,POINT (-74.005226 40.720825),M
N094,"Chambers St (A,C)/WTC (E)/Park Pl (2,3)/Cortlandt (R,W)",40.71411,-74.00858,POINT (-74.00858 40.71411),M
N095,"Fulton St (A,C,J,Z,2,3,4,5)",40.710373,-74.00657,POINT (-74.00657 40.710373),M
N100,"High St (A,C)",40.699337,-73.99053,POINT (-73.99053 40.699337),BK
N103,"Jay St-MetroTech (A,C,F,R)",40.692337,-73.98594,POINT (-73.98594 40.692337),BK
N108,"Hoyt-Schermerhorn Sts (A,C,G)",40.688484,-73.985,POINT (-73.985 40.688484),BK
N110,Lafayette Av (C),40.68611,-73.973946,POINT (-73.973946 40.68611),BK
N111,Clinton-Washington Avs (C),40.68326,-73.965836,POINT (-73.965836 40.68326),BK
N114,"Franklin Av (C,S)",40.68138,-73.95685,POINT (-73.95685 40.68138),BK
N116,"Nostrand Av (A,C)",40.68044,-73.950424,POINT (-73.950424 40.68044),BK
N119,Kingston-Throop Avs (C),40.67992,-73.94086,POINT (-73.94086 40.67992),BK
N120,"Utica Av (A,C)",40.679363,-73.93073,POINT (-73.93073 40.679363),BK
N121B,Ralph Av (C),40.67882,-73.920784,POINT (-73.920784 40.67882),BK
N122,Rockaway Av (C),40.67834,-73.91195,POINT (-73.91195 40.67834),BK
N124,"Broadway Junction (A,C,J,L,Z)",40.679497,-73.90451,POINT (-73.90451 40.679497),BK
N125,Liberty Av (C),40.67454,-73.896545,POINT (-73.896545 40.67454),BK
N126,Van Siclen Av (C),40.67271,-73.89036,POINT (-73.89036 40.67271),BK
N127,Shepherd Av (C),40.67413,-73.88075,POINT (-73.88075 40.67413),BK
N128,"Euclid Av (A,C)",40.675377,-73.87211,POINT (-73.87211 40.675377),BK
N129,Grant Av (A),40.677044,-73.86505,POINT (-73.86505 40.677044),BK
N131,80 St (A),40.67937,-73.85899,POINT (-73.85899 40.67937),Q
N133,88 St (A),40.679844,-73.85147,POINT (-73.85147 40.679844),Q
N134,Rockaway Blvd (A),40.680428,-73.84386,POINT (-73.84386 40.680428),Q
N137,104 St (A),40.68171,-73.837685,POINT (-73.837685 40.68171),Q
N139,111 St (A),40.68433,-73.83216,POINT (-73.83216 40.68433),Q
N141,Ozone Park-Lefferts Blvd (A),40.68595,-73.8258,POINT (-73.8258 40.68595),Q
N181,Aqueduct-North Conduit Av (A),40.668236,-73.83406,POINT (-73.83406 40.668236),Q
N181A,Aqueduct Racetrack (A),40.672096,-73.83592,POINT (-73.83592 40.672096),Q
N182,Howard Beach-JFK Airport (A),40.660477,-73.8303,POINT (-73.8303 40.660477),Q
N183,"Broad Channel (A,S)",40.608383,-73.815926,POINT (-73.815926 40.608383),Q
N184,"Beach 90 St (A,S)",40.588036,-73.813644,POINT (-73.813644 40.588036),Q
N185,"Beach 98 St (A,S)",40.585308,-73.82056,POINT (-73.82056 40.585308),Q
N186,"Beach 105 St (A,S)",40.58321,-73.82756,POINT (-73.82756 40.58321),Q
N187,"Rockaway Park-Beach 116 St (A,S)",40.580902,-73.835594,POINT (-73.835594 40.580902),Q
N191,Beach 67 St-Arverne By The Sea (A),40.590927,-73.79692,POINT (-73.79692 40.590927),Q
N192,Beach 60 St (A),40.592373,-73.78852,POINT (-73.78852 40.592373),Q
N193,Beach 44 St (A),40.59294,-73.77602,POINT (-73.77602 40.59294),Q
N194,Beach 36 St (A),40.595398,-73.76817,POINT (-73.76817 40.595398),Q
N195,Beach 25 St (A),40.600067,-73.76135,POINT (-73.76135 40.600067),Q
N196,Far Rockaway-Mott Av (A),40.603996,-73.7554,POINT (-73.7554 40.603996),Q
N202,"155 St (B,D)",40.830135,-73.93821,POINT (-73.93821 40.830135),M
N203,"161 St-Yankee Stadium (B,D,4)",40.827995,-73.92565,POINT (-73.92565 40.827995),BX
N207,"167 St (B,D)",40.83377,-73.91844,POINT (-73.91844 40.83377),BX
N209,"170 St (B,D)",40.839306,-73.9134,POINT (-73.9134 40.839306),BX
N210,"174-175 Sts (B,D)",40.8459,-73.91013,POINT (-73.91013 40.8459),BX
N213,"Tremont Av (B,D)",40.85041,-73.90523,POINT (-73.90523 40.85041),BX
N215,"182-183 Sts (B,D)",40.856094,-73.90074,POINT (-73.90074 40.856094),BX
N217,"Fordham Rd (B,D)",40.861298,-73.89775,POINT (-73.89775 40.861298),BX
N221,"Kingsbridge Rd (B,D)",40.866978,-73.89351,POINT (-73.89351 40.866978),BX
N222,"Bedford Park Blvd (B,D)",40.873245,-73.88714,POINT (-73.88714 40.873245),BX
N224,Norwood-205 St (D),40.87481,-73.87885,POINT (-73.87885 40.87481),BX
N301,"7 Av (B,D,E)",40.762863,-73.981636,POINT (-73.981636 40.762863),M
N303,"5 Av-53 St (E,M)",40.760166,-73.97523,POINT (-73.97523 40.760166),M
N305,"Lexington Av-53 St (E,M)/51 St (6)",40.757553,-73.969055,POINT (-73.969055 40.757553),M
N307,"Court Sq (E,G,M,7)",40.747845,-73.94383,POINT (-73.94383 40.747845),Q
N309A,"Queens Plaza (E,M,R)",40.748974,-73.93724,POINT (-73.93724 40.748974),Q
N312,"36 St (M,R)",40.75204,-73.92878,POINT (-73.92878 40.75204),Q
N315,"Steinway St (M,R)",40.756878,-73.92074,POINT (-73.92074 40.756878),Q
N316,"46 St (M,R)",40.756313,-73.91333,POINT (-73.91333 40.756313),Q
N318,"Northern Blvd (M,R)",40.752884,-73.906006,POINT (-73.906006 40.752884),Q
N322,"65 St (M,R)",40.74967,-73.89845,POINT (-73.89845 40.74967),Q
N325A,"Elmhurst Av (M,R)",40.742455,-73.88202,POINT (-73.88202 40.742455),Q
N327,"Grand Av-Newtown (M,R)",40.737015,-73.87722,POINT (-73.87722 40.737015),Q
N329,"Woodhaven Blvd (M,R)",40.733105,-73.86923,POINT (-73.86923 40.733105),Q
N330B,"63 Dr-Rego Park (M,R)",40.729847,-73.8616,POINT (-73.8616 40.729847),Q
N331,"67 Av (M,R)",40.726524,-73.85272,POINT (-73.85272 40.726524),Q
N333A,"Forest Hills-71 Av (E,F,M,R)",40.72169,-73.84452,POINT (-73.84452 40.72169),Q
N334B,"75 Av (E,F)",40.71833,-73.837326,POINT (-73.837326 40.71833),Q
N336,"Kew Gardens-Union Turnpike (E,F)",40.71444,-73.83101,POINT (-73.83101 40.71444),Q
N337,"Briarwood-Van Wyck Blvd (E,F)",40.70918,-73.82057,POINT (-73.82057 40.70918),Q
N338B,Sutphin Blvd (F),40.70546,-73.81071,POINT (-73.81071 40.70546),Q
N339A,Parsons Blvd (F),40.707565,-73.80333,POINT (-73.80333 40.707565),Q
N340A,169 St (F),40.71047,-73.7936,POINT (-73.7936 40.71047),Q
N343,Jamaica-179 St (F),40.712646,-73.78381,POINT (-73.78381 40.712646),Q
N401,21 St (G),40.744064,-73.94972,POINT (-73.94972 40.744064),Q
N405,Greenpoint Av (G),40.731354,-73.95445,POINT (-73.95445 40.731354),BK
N408A,Nassau Av (G),40.724636,-73.95128,POINT (-73.95128 40.724636),BK
N412,Broadway (G),40.706093,-73.95031,POINT (-73.95031 40.706093),BK
N414,Flushing Av (G),40.70038,-73.95023,POINT (-73.95023 40.70038),BK
N415,Myrtle-Willoughby Avs (G),40.69457,-73.94904,POINT (-73.94904 40.69457),BK
N417,Bedford-Nostrand Avs (G),40.68963,-73.95352,POINT (-73.95352 40.68963),BK
N419,Classon Av (G),40.688873,-73.96007,POINT (-73.96007 40.688873),BK
N420B,Clinton-Washington Avs (G),40.688087,-73.96684,POINT (-73.96684 40.688087),BK
N422,Fulton St (G),40.68712,-73.97537,POINT (-73.97537 40.68712),BK
N500,"47-50 Sts-Rockefeller Center (B,D,F,M)",40.758663,-73.98133,POINT (-73.98133 40.758663),M
N508,"23 St (F,M)",40.742878,-73.99282,POINT (-73.99282 40.742878),M
N512,"14 St (F,M,1,2,3)/6 Av (L)",40.738228,-73.99621,POINT (-73.99621 40.738228),M
N520,"Grand St (B,D)",40.718266,-73.99375,POINT (-73.99375 40.718266),M
N523,2 Av (F),40.7234,-73.98994,POINT (-73.98994 40.7234),M
N525,"Delancey St (F)/Essex St (J,M,Z)",40.718613,-73.987434,POINT (-73.987434 40.718613),M
N529,East Broadway (F),40.713715,-73.99017,POINT (-73.99017 40.713715),M
N530,York St (F),40.701397,-73.98675,POINT (-73.98675 40.701397),BK
N532,"Bergen St (F,G)",40.686146,-73.99086,POINT (-73.99086 40.686146),BK
N535,"Carroll St (F,G)",40.6803,-73.99505,POINT (-73.99505 40.6803),BK
N536,"Smith-9 Sts (F,G)",40.67358,-73.99596,POINT (-73.99596 40.67358),BK
N539A,"7 Av (F,G)",40.66627,-73.98031,POINT (-73.98031 40.66627),BK
N542,"15 St-Prospect Park (F,G)",40.660366,-73.97949,POINT (-73.97949 40.660366),BK
N543,"Fort Hamilton Pkwy (F,G)",40.650784,-73.97578,POINT (-73.97578 40.650784),BK
N546,"Church Av (F,G)",40.64404,-73.979675,POINT (-73.979675 40.64404),BK
N548,Ditmas Av (F),40.63612,-73.97817,POINT (-73.97817 40.63612),BK
N549,18 Av (F),40.629753,-73.976974,POINT (-73.976974 40.629753),BK
N551,Avenue I (F),40.62532,-73.97613,POINT (-73.97613 40.62532),BK
N553,Bay Pkwy (F),40.62077,-73.975266,POINT (-73.975266 40.62077),BK
N555,Avenue N (F),40.61514,-73.9742,POINT (-73.9742 40.61514),BK
N556,Avenue P (F),40.608944,-73.97302,POINT (-73.97302 40.608944),BK
N557,Kings Hwy (F),40.603218,-73.97236,POINT (-73.97236 40.603218),BK
N559,Avenue U (F),40.59606,-73.97336,POINT (-73.97336 40.59606),BK
N561,Avenue X (F),40.58962,-73.97425,POINT (-73.97425 40.58962),BK
N562,Neptune Av (F),40.581013,-73.97457,POINT (-73.97457 40.581013),BK
N600,57 St (F),40.763973,-73.97745,POINT (-73.97745 40.763973),M
N601,"Lexington Av-63 St (F,Q)",40.76463,-73.96611,POINT (-73.96611 40.76463),M
N602,Roosevelt Island (F),40.759144,-73.95326,POINT (-73.95326 40.759144),M
N603,21 St-Queensbridge (F),40.754204,-73.94283,POINT (-73.94283 40.754204),Q
N604,Jamaica-Van Wyck (E),40.702564,-73.81686,POINT (-73.81686 40.702564),Q
N605,"Sutphin Blvd-Archer Av-JFK Airport (E,J,Z)",40.700485,-73.80797,POINT (-73.80797 40.700485),Q
N606,"Jamaica Center-Parsons-Archer (E,J,Z)",40.70215,-73.80111,POINT (-73.80111 40.70215),Q
N700,72 St (Q),40.7688,-73.95843,POINT (-73.95843 40.7688),M
N701,86 St (Q),40.77789,-73.95179,POINT (-73.95179 40.77789),M
N702,96 St (Q),40.784317,-73.94715,POINT (-73.94715 40.784317),M
R101,"South Ferry (1)/Whitehall St (R,W)",40.703087,-74.01299,POINT (-74.01299 40.703087),M
R103,Rector St (1),40.70751,-74.01379,POINT (-74.01379 40.70751),M
R106,WTC Cortlandt (1),40.711834,-74.01219,POINT (-74.01219 40.711834),M
R111,"Wall St (2,3)",40.70682,-74.0091,POINT (-74.0091 40.70682),M
R116,"Chambers St (1,2,3)",40.715477,-74.00927,POINT (-74.00927 40.715477),M
R117,Franklin St (1),40.71932,-74.00689,POINT (-74.00689 40.71932),M
R119,Canal St (1),40.722855,-74.00628,POINT (-74.00628 40.722855),M
R123,Houston St (1),40.728252,-74.00536,POINT (-74.00536 40.728252),M
R125,Christopher St-Sheridan Sq (1),40.73342,-74.00291,POINT (-74.00291 40.73342),M
R129,18 St (1),40.74104,-73.99787,POINT (-73.99787 40.74104),M
R131,23 St (1),40.74408,-73.99566,POINT (-73.99566 40.74408),M
R133,28 St (1),40.747215,-73.99336,POINT (-73.99336 40.747215),M
R135,"34 St-Penn Station (1,2,3)",40.750374,-73.99106,POINT (-73.99106 40.750374),M
R154,50 St (1),40.761726,-73.98385,POINT (-73.98385 40.761726),M
R160,66 St-Lincoln Center (1),40.77344,-73.98221,POINT (-73.98221 40.77344),M
R161B,"72 St (1,2,3)",40.778454,-73.98197,POINT (-73.98197 40.778454),M
R162,79 St (1),40.783936,-73.97992,POINT (-73.97992 40.783936),M
R164,86 St (1),40.788643,-73.97622,POINT (-73.97622 40.788643),M
R168,"96 St (1,2,3)",40.79392,-73.97232,POINT (-73.97232 40.79392),M
R170,103 St (1),40.799446,-73.968376,POINT (-73.968376 40.799446),M
R172,Cathedral Pkwy-110 St (1),40.803967,-73.96685,POINT (-73.96685 40.803967),M
R173,116 St-Columbia University (1),40.80772,-73.96411,POINT (-73.96411 40.80772),M
R174,125 St (1),40.815582,-73.958374,POINT (-73.958374 40.815582),M
R176,137 St-City College (1),40.822006,-73.953674,POINT (-73.953674 40.822006),M
R178,145 St (1),40.82655,-73.95036,POINT (-73.95036 40.82655),M
R180,157 St (1),40.83404,-73.94489,POINT (-73.94489 40.83404),M
R182,"168 St (A,C,1)",40.840717,-73.93956,POINT (-73.93956 40.840717),M
R183,181 St (1),40.849506,-73.93359,POINT (-73.93359 40.849506),M
R185,191 St (1),40.855225,-73.92941,POINT (-73.92941 40.855225),M
R186,Dyckman St (1),40.86053,-73.92554,POINT (-73.92554 40.86053),M
R188,207 St (1),40.86462,-73.91882,POINT (-73.91882 40.86462),M
R190,215 St (1),40.869446,-73.915276,POINT (-73.915276 40.869446),M
R192,Marble Hill-225 St (1),40.87456,-73.90983,POINT (-73.90983 40.87456),M
R194,231 St (1),40.878857,-73.90483,POINT (-73.90483 40.878857),BX
R196,238 St (1),40.884666,-73.90087,POINT (-73.90087 40.884666),BX
R197,Van Cortlandt Park-242 St (1),40.889248,-73.89858,POINT (-73.89858 40.889248),BX
R201,"Bowling Green (4,5)",40.70482,-74.01407,POINT (-74.01407 40.70482),M
R203,"Wall St (4,5)",40.707558,-74.01186,POINT (-74.01186 40.707558),M
R215,Spring St (6),40.7223,-73.99714,POINT (-73.99714 40.7223),M
R217,"Broadway-Lafayette St (B,D,F,M)/Bleecker St (6)",40.725914,-73.99466,POINT (-73.99466 40.725914),M
R219,Astor Place (6),40.730053,-73.99107,POINT (-73.99107 40.730053),M
R226,23 St (6),40.739864,-73.9866,POINT (-73.9866 40.739864),M
R228,28 St (6),40.74307,-73.98426,POINT (-73.98426 40.74307),M
R231,33 St (6),40.746082,-73.98208,POINT (-73.98208 40.746082),M
R238,"Grand Central-42 St (S,4,5,6,7)",40.751778,-73.976845,POINT (-73.976845 40.751778),M
R246,68 St-Hunter College (6),40.768143,-73.96387,POINT (-73.96387 40.768143),M
R247,77 St (6),40.77362,-73.95988,POINT (-73.95988 40.77362),M
R249,"86 St (4,5,6)",40.77949,-73.95559,POINT (-73.95559 40.77949),M
R251,96 St (6),40.78567,-73.95107,POINT (-73.95107 40.78567),M
R252,103 St (6),40.7906,-73.94748,POINT (-73.94748 40.7906),M
R254,110 St (6),40.79502,-73.94425,POINT (-73.94425 40.79502),M
R256,116 St (6),40.79863,-73.94162,POINT (-73.94162 40.79863),M
R258,"125 St (4,5,6)",40.80414,-73.93759,POINT (-73.93759 40.80414),M
R259,"138 St-Grand Concourse (4,5)",40.813225,-73.92985,POINT (-73.92985 40.813225),BX
R261,"149 St-Grand Concourse (2,4,5)",40.818375,-73.92735,POINT (-73.92735 40.818375),BX
R283,167 St (4),40.835537,-73.9214,POINT (-73.9214 40.835537),BX
R284,170 St (4),40.840076,-73.91779,POINT (-73.91779 40.840076),BX
R285,Mt Eden Av (4),40.844433,-73.91469,POINT (-73.91469 40.844433),BX
R286,176 St (4),40.84848,-73.9118,POINT (-73.9118 40.84848),BX
R287,Burnside Av (4),40.853455,-73.907684,POINT (-73.907684 40.853455),BX
R288,183 St (4),40.858406,-73.90388,POINT (-73.90388 40.858406),BX
R289,Fordham Rd (4),40.862804,-73.90103,POINT (-73.90103 40.862804),BX
R290,Kingsbridge Rd (4),40.86776,-73.89717,POINT (-73.89717 40.86776),BX
R291,Bedford Park Blvd-Lehman College (4),40.873413,-73.89006,POINT (-73.89006 40.873413),BX
R293,Mosholu Pkwy (4),40.87975,-73.88466,POINT (-73.88466 40.87975),BX
R294,Woodlawn (4),40.886036,-73.87875,POINT (-73.87875 40.886036),BX
R301,"Central Park North-110 St (2,3)",40.799076,-73.95182,POINT (-73.95182 40.799076),M
R302,"116 St (2,3)",40.802097,-73.94962,POINT (-73.94962 40.802097),M
R304,"125 St (2,3)",40.807755,-73.945496,POINT (-73.945496 40.807755),M
R306,"135 St (2,3)",40.814228,-73.94077,POINT (-73.94077 40.814228),M
R308,145 St (3),40.82042,-73.93625,POINT (-73.93625 40.82042),M
R309,Harlem-148 St (3),40.82388,-73.93647,POINT (-73.93647 40.82388),M
R310,"3 Av-149 St (2,5)",40.81611,-73.917755,POINT (-73.917755 40.81611),BX
R312,"Jackson Av (2,5)",40.81649,-73.90781,POINT (-73.90781 40.81649),BX
R314,"Prospect Av (2,5)",40.819584,-73.90177,POINT (-73.90177 40.819584),BX
R316,"Intervale Av (2,5)",40.82218,-73.896736,POINT (-73.896736 40.82218),BX
R318,"Simpson St (2,5)",40.824074,-73.89307,POINT (-73.89307 40.824074),BX
R320,"Freeman St (2,5)",40.829994,-73.89187,POINT (-73.89187 40.829994),BX
R322,"174 St (2,5)",40.837288,-73.88773,POINT (-73.88773 40.837288),BX
R323,"West Farms Sq-East Tremont Av (2,5)",40.840294,-73.88005,POINT (-73.88005 40.840294),BX
R325,"East 180 St (2,5)",40.841892,-73.87349,POINT (-73.87349 40.841892),BX
R326,"Bronx Park East (2,5)",40.848827,-73.868454,POINT (-73.868454 40.848827),BX
R328,"Pelham Pkwy (2,5)",40.857193,-73.867615,POINT (-73.867615 40.857193),BX
R329,"Allerton Av (2,5)",40.865463,-73.867355,POINT (-73.867355 40.865463),BX
R330,"Burke Av (2,5)",40.871357,-73.867165,POINT (-73.867165 40.871357),BX
R331,"Gun Hill Rd (2,5)",40.87785,-73.86626,POINT (-73.86626 40.87785),BX
R332,"219 St (2,5)",40.883896,-73.86263,POINT (-73.86263 40.883896),BX
R333,"225 St (2,5)",40.888023,-73.860344,POINT (-73.860344 40.888023),BX
R334,"233 St (2,5)",40.893192,-73.857475,POINT (-73.857475 40.893192),BX
R335,"Nereid Av (2,5)",40.89838,-73.85438,POINT (-73.85438 40.89838),BX
R336,Wakefield-241 St (2),40.903126,-73.85062,POINT (-73.85062 40.903126),BX
R401,3 Av-138 St (6),40.810474,-73.92614,POINT (-73.92614 40.810474),BX
R402,Brook Av (6),40.807568,-73.91924,POINT (-73.91924 40.807568),BX
R404,Cypress Av (6),40.805367,-73.91404,POINT (-73.91404 40.805367),BX
R406,East 143 St-St Mary's St (6),40.80872,-73.90765,POINT (-73.90765 40.80872),BX
R408,East 149 St (6),40.81212,-73.9041,POINT (-73.9041 40.81212),BX
R410,Longwood Av (6),40.816105,-73.89644,POINT (-73.89644 40.816105),BX
R412,Hunts Point Av (6),40.82095,-73.89055,POINT (-73.89055 40.82095),BX
R413,Whitlock Av (6),40.826527,-73.886284,POINT (-73.886284 40.826527),BX
R414,Elder Av (6),40.828583,-73.87916,POINT (-73.87916 40.828583),BX
R415,Morrison Av-Soundview (6),40.82952,-73.87452,POINT (-73.87452 40.82952),BX
R416,St Lawrence Av (6),40.83151,-73.867615,POINT (-73.867615 40.83151),BX
R417,Parkchester (6),40.833225,-73.86082,POINT (-73.86082 40.833225),BX
R418,Castle Hill Av (6),40.834255,-73.85122,POINT (-73.85122 40.834255),BX
R419,Zerega Av (6),40.836487,-73.84704,POINT (-73.84704 40.836487),BX
R420,Westchester Sq-East Tremont Av (6),40.839893,-73.84295,POINT (-73.84295 40.839893),BX
R421,Middletown Rd (6),40.843864,-73.83632,POINT (-73.83632 40.843864),BX
R422,Buhre Av (6),40.84681,-73.832565,POINT (-73.832565 40.84681),BX
R423,Pelham Bay Park (6),40.852463,-73.82812,POINT (-73.82812 40.852463),BX
R504,Vernon Blvd-Jackson Av (7),40.742626,-73.95358,POINT (-73.95358 40.742626),Q
R507,Hunters Point Av (7),40.742214,-73.94891,POINT (-73.94891 40.742214),Q
R509,"Queensboro Plaza (N,W,7)",40.750584,-73.9402,POINT (-73.9402 40.750584),Q
R510,"39 Av (N,W)",40.75288,-73.932755,POINT (-73.932755 40.75288),Q
R511,"36 Av (N,W)",40.756805,-73.92957,POINT (-73.92957 40.756805),Q
R512,"Broadway (N,W)",40.76182,-73.92551,POINT (-73.92551 40.76182),Q
R513,"30 Av (N,W)",40.76678,-73.92148,POINT (-73.92148 40.76678),Q
R514,"Astoria Blvd (N,W)",40.77026,-73.91785,POINT (-73.91785 40.77026),Q
R515,"Astoria-Ditmars Blvd (N,W)",40.775036,-73.91203,POINT (-73.91203 40.775036),Q
R516,33 St-Rawson St (7),40.744587,-73.931,POINT (-73.931 40.744587),Q
R518,40 St-Lowery St (7),40.743782,-73.92402,POINT (-73.92402 40.743782),Q
R519,46 St-Bliss St (7),40.743134,-73.918434,POINT (-73.918434 40.743134),Q
R521,52 St (7),40.74415,-73.91255,POINT (-73.91255 40.74415),Q
R523,Woodside-61 St (7),40.74563,-73.902985,POINT (-73.902985 40.74563),Q
R524,69 St (7),40.746326,-73.8964,POINT (-73.8964 40.746326),Q
R525,"74-Broadway (7)/Jackson Hts-Roosevelt Av (E,F,M,R)",40.74685,-73.891335,POINT (-73.891335 40.74685),Q
R526,82 St-Jackson Hts (7),40.747658,-73.8837,POINT (-73.8837 40.747658),Q
R527,90 St-Elmhurst Av (7),40.74841,-73.87661,POINT (-73.87661 40.74841),Q
R528,Junction Blvd (7),40.749146,-73.86953,POINT (-73.86953 40.749146),Q
R529,103 St-Corona Plaza (7),40.749866,-73.8627,POINT (-73.8627 40.749866),Q
R530,111 St (7),40.75173,-73.85533,POINT (-73.85533 40.75173),Q
R532,Mets-Willets Point (7),40.754623,-73.84563,POINT (-73.84563 40.754623),Q
R533,Flushing-Main St (7),40.7596,-73.83003,POINT (-73.83003 40.7596),Q
R550,34 St-Hudson Yards (7),40.755882,-74.00191,POINT (-74.00191 40.755882),M
R600,"Clark St (2,3)",40.697468,-73.99309,POINT (-73.99309 40.697468),BK
R602,"Court St (R)/Borough Hall (2,3,4,5)",40.6941,-73.99,POINT (-73.99 40.6941),BK
R606,"Hoyt St (2,3)",40.690544,-73.98506,POINT (-73.98506 40.690544),BK
R608,"Nevins St (2,3,4,5)",40.688248,-73.98049,POINT (-73.98049 40.688248),BK
R610,"Atlantic Av-Barclays Ctr (B,D,N,Q,R,2,3,4,5)",40.68446,-73.97689,POINT (-73.97689 40.68446),BK
R617,"Bergen St (2,3)",40.68083,-73.9751,POINT (-73.9751 40.68083),BK
R619,"Grand Army Plaza (2,3)",40.675236,-73.97105,POINT (-73.97105 40.675236),BK
R621,"Eastern Pkwy-Brooklyn Museum (2,3)",40.671986,-73.96438,POINT (-73.96438 40.671986),BK
R622,"Franklin Av (2,3,4,5)/Botanic Garden (S)",40.67068,-73.95813,POINT (-73.95813 40.67068),BK
R623,Nostrand Av (3),40.669846,-73.95046,POINT (-73.95046 40.669846),BK
R624,Kingston Av (3),40.6694,-73.94216,POINT (-73.94216 40.6694),BK
R626,"Crown Heights-Utica Av (3,4)",40.668896,-73.932945,POINT (-73.932945 40.668896),BK
R627,Sutter Av-Rutland Rd (3),40.66472,-73.92261,POINT (-73.92261 40.66472),BK
R628,Saratoga Av (3),40.661453,-73.91633,POINT (-73.91633 40.661453),BK
R629,Rockaway Av (3),40.662548,-73.90894,POINT (-73.90894 40.662548),BK
R630,Junius St (3),40.663513,-73.90245,POINT (-73.90245 40.663513),BK
R632,Pennsylvania Av (3),40.664635,-73.8949,POINT (-73.8949 40.664635),BK
R633,Van Siclen Av (3),40.665447,-73.8894,POINT (-73.8894 40.665447),BK
R634,New Lots Av (3),40.666237,-73.88408,POINT (-73.88408 40.666237),BK
R635,"President St (2,5)",40.667885,-73.95068,POINT (-73.95068 40.667885),BK
R636,"Sterling St (2,5)",40.662743,-73.95085,POINT (-73.95085 40.662743),BK
R637,"Winthrop St (2,5)",40.65665,-73.9502,POINT (-73.9502 40.65665),BK
R639,"Church Av (2,5)",40.650845,-73.94958,POINT (-73.94958 40.650845),BK
R641,"Beverly Rd (2,5)",40.6451,-73.94896,POINT (-73.94896 40.6451),BK
R643,"Newkirk Av (2,5)",40.63997,-73.94841,POINT (-73.94841 40.63997),BK
R645,"Flatbush Av-Brooklyn College (2,5)",40.632835,-73.94764,POINT (-73.94764 40.632835),BK
R726,Morris Park (5),40.854362,-73.8605,POINT (-73.8605 40.854362),BX
R727,Pelham Pkwy (5),40.858986,-73.85536,POINT (-73.85536 40.858986),BX
R728,Gun Hill Rd (5),40.869526,-73.84638,POINT (-73.84638 40.869526),BX
R729,Baychester Av (5),40.878662,-73.83859,POINT (-73.83859 40.878662),BX
R730,Eastchester-Dyre Av (5),40.8883,-73.83083,POINT (-73.83083 40.8883),BX
