station_complex_id,station_complex,borough,Year,ridership,net_exits
A002,"Lexington Av (N,R,W)/59 St (4,5,6)",M,2018,12227315,12204504
A002,"Lexington Av (N,R,W)/59 St (4,5,6)",M,2019,12162330,12337066
A002,"Lexington Av (N,R,W)/59 St (4,5,6)",M,2020,4244023,4900707
A002,"Lexington Av (N,R,W)/59 St (4,5,6)",M,2021,4295234,6387321
A002,"Lexington Av (N,R,W)/59 St (4,5,6)",M,2022,4803187,8840716
A006,"5 Av-59 St (N,R,W)",M,2018,5114242,3664053
A006,"5 Av-59 St (N,R,W)",M,2019,4958990,3659024
A006,"5 Av-59 St (N,R,W)",M,2020,1608767,1333963
A006,"5 Av-59 St (N,R,W)",M,2021,1744457,1834901
A006,"5 Av-59 St (N,R,W)",M,2022,1931465,2422590
A010,"57 St-7 Av (N,Q,R,W)",M,2018,10376339,5353627
A010,"57 St-7 Av (N,Q,R,W)",M,2019,10426778,7567219
A010,"57 St-7 Av (N,Q,R,W)",M,2020,3303007,2379068
A010,"57 St-7 Av (N,Q,R,W)",M,2021,3080474,3288484
A010,"57 St-7 Av (N,Q,R,W)",M,2022,3751270,5063825
A013,"49 St (N,R,W)",M,2018,8360185,6885470
A013,"49 St (N,R,W)",M,2019,7362034,5911271
A013,"49 St (N,R,W)",M,2020,1925505,1876294
A013,"49 St (N,R,W)",M,2021,1976732,2724028
A013,"49 St (N,R,W)",M,2022,2817696,4421712
A022,"34 St-Herald Sq (B,D,F,M,N,Q,R,W)",M,2018,33780437,31292270
A022,"34 St-Herald Sq (B,D,F,M,N,Q,R,W)",M,2019,35337831,33632391
A022,"34 St-Herald Sq (B,D,F,M,N,Q,R,W)",M,2020,11596431,12612923
A022,"34 St-Herald Sq (B,D,F,M,N,Q,R,W)",M,2021,11461192,15802413
A022,"34 St-Herald Sq (B,D,F,M,N,Q,R,W)",M,2022,12572764,21571508
A027,"28 St (R,W)",M,2018,4419016,4756222
A027,"28 St (R,W)",M,2019,3993125,4505443
A027,"28 St (R,W)",M,2020,1159673,1502500
A027,"28 St (R,W)",M,2021,1075917,1927748
A027,"28 St (R,W)",M,2022,1205841,2661821
A030,"23 St (R,W)",M,2018,8049271,4411310
A030,"23 St (R,W)",M,2019,7014533,3852598
A030,"23 St (R,W)",M,2020,1959365,1320046
A030,"23 St (R,W)",M,2021,1835416,1570708
A030,"23 St (R,W)",M,2022,2113209,2402045
A034,"14 St-Union Sq (L,N,Q,R,W,4,5,6)",M,2018,31589798,27538332
A034,"14 St-Union Sq (L,N,Q,R,W,4,5,6)",M,2019,30480115,28494065
A034,"14 St-Union Sq (L,N,Q,R,W,4,5,6)",M,2020,10204859,10969076
A034,"14 St-Union Sq (L,N,Q,R,W,4,5,6)",M,2021,9944586,14314069
A034,"14 St-Union Sq (L,N,Q,R,W,4,5,6)",M,2022,10420777,19285340
A038,"8 St-New York University (R,W)",M,2018,5599421,4045313
A038,"8 St-New York University (R,W)",M,2019,5384711,3762559
A038,"8 St-New York University (R,W)",M,2020,1486944,1229716
A038,"8 St-New York University (R,W)",M,2021,1410263,1813474
A038,"8 St-New York University (R,W)",M,2022,1590472,2679419
A041,"Prince St (R,W)",M,2018,5110760,4818006
A041,"Prince St (R,W)",M,2019,4317534,4212894
A041,"Prince St (R,W)",M,2020,1156563,1363304
A041,"Prince St (R,W)",M,2021,1267115,2059521
A041,"Prince St (R,W)",M,2022,1393291,2829180
A043,"Canal St (J,N,Q,R,W,Z,6)",M,2018,14493119,10659552
A043,"Canal St (J,N,Q,R,W,Z,6)",M,2019,14217880,10708613
A043,"Canal St (J,N,Q,R,W,Z,6)",M,2020,4247111,3716920
A043,"Canal St (J,N,Q,R,W,Z,6)",M,2021,4584654,5296243
A043,"Canal St (J,N,Q,R,W,Z,6)",M,2022,5100598,7050812
A047,"City Hall (R,W)",M,2018,1933752,1089636
A047,"City Hall (R,W)",M,2019,1718205,965155
A047,"City Hall (R,W)",M,2020,534849,318852
A047,"City Hall (R,W)",M,2021,516119,379862
A047,"City Hall (R,W)",M,2022,646701,533637
A054,"Rector St (R,W)",M,2018,2168786,678982
A054,"Rector St (R,W)",M,2019,2021309,685144
A054,"Rector St (R,W)",M,2020,583329,260566
A054,"Rector St (R,W)",M,2021,511518,335648
A054,"Rector St (R,W)",M,2022,574446,427301
A064,"Bowery (J,Z)",M,2018,1280947,1077374
A064,"Bowery (J,Z)",M,2019,1329179,1234399
A064,"Bowery (J,Z)",M,2020,446343,499399
A064,"Bowery (J,Z)",M,2021,413155,813400
A064,"Bowery (J,Z)",M,2022,425824,936334
A069,"Brooklyn Bridge-City Hall (4,5,6)/Chambers St (J,Z)",M,2018,8802044,7215794
A069,"Brooklyn Bridge-City Hall (4,5,6)/Chambers St (J,Z)",M,2019,8823988,7535401
A069,"Brooklyn Bridge-City Hall (4,5,6)/Chambers St (J,Z)",M,2020,2618302,2836990
A069,"Brooklyn Bridge-City Hall (4,5,6)/Chambers St (J,Z)",M,2021,2609042,3619999
A069,"Brooklyn Bridge-City Hall (4,5,6)/Chambers St (J,Z)",M,2022,3512970,5749972
A083,"Broad St (J,Z)",M,2018,2018977,757394
A083,"Broad St (J,Z)",M,2019,2215910,851719
A083,"Broad St (J,Z)",M,2020,711930,324747
A083,"Broad St (J,Z)",M,2021,589524,386735
A083,"Broad St (J,Z)",M,2022,662869,481915
B004,"7 Av (B,Q)",BK,2018,3086038,2879460
B004,"7 Av (B,Q)",BK,2019,3059686,2845784
B004,"7 Av (B,Q)",BK,2020,1005630,1033845
B004,"7 Av (B,Q)",BK,2021,1055647,1446787
B004,"7 Av (B,Q)",BK,2022,1051739,1920165
B009,Park Pl (S),BK,2018,539027,616383
B009,Park Pl (S),BK,2019,520185,577738
B009,Park Pl (S),BK,2020,212655,270079
B009,Park Pl (S),BK,2021,221811,326429
B009,Park Pl (S),BK,2022,227508,391086
B013,"Prospect Park (B,Q,S)",BK,2018,2785515,2537587
B013,"Prospect Park (B,Q,S)",BK,2019,2802113,2557701
B013,"Prospect Park (B,Q,S)",BK,2020,1050285,1144216
B013,"Prospect Park (B,Q,S)",BK,2021,1137467,1479672
B013,"Prospect Park (B,Q,S)",BK,2022,1157441,1969624
B014,Parkside Av (Q),BK,2018,1984538,1377894
B014,Parkside Av (Q),BK,2019,1956411,1420686
B014,Parkside Av (Q),BK,2020,864388,743154
B014,Parkside Av (Q),BK,2021,907241,952126
B014,Parkside Av (Q),BK,2022,823382,1050813
B016,"Church Av (B,Q)",BK,2018,5182828,5300088
B016,"Church Av (B,Q)",BK,2019,5066458,5185188
B016,"Church Av (B,Q)",BK,2020,2199599,2532110
B016,"Church Av (B,Q)",BK,2021,2325559,3080665
B016,"Church Av (B,Q)",BK,2022,2222133,3593136
B017,Beverley Rd (Q),BK,2018,1062252,958723
B017,Beverley Rd (Q),BK,2019,1057449,1003658
B017,Beverley Rd (Q),BK,2020,466066,472827
B017,Beverley Rd (Q),BK,2021,499355,606337
B017,Beverley Rd (Q),BK,2022,509866,799432
B018,Cortelyou Rd (Q),BK,2018,2006646,631432
B018,Cortelyou Rd (Q),BK,2019,1968349,591842
B018,Cortelyou Rd (Q),BK,2020,845193,366130
B018,Cortelyou Rd (Q),BK,2021,891360,433521
B018,Cortelyou Rd (Q),BK,2022,860153,490444
B019,"Newkirk Plaza (B,Q)",BK,2018,3288951,3078826
B019,"Newkirk Plaza (B,Q)",BK,2019,3276897,3080427
B019,"Newkirk Plaza (B,Q)",BK,2020,1377183,1418508
B019,"Newkirk Plaza (B,Q)",BK,2021,1487969,1793990
B019,"Newkirk Plaza (B,Q)",BK,2022,1254729,1744494
B020,Avenue H (Q),BK,2018,1038210,849938
B020,Avenue H (Q),BK,2019,993638,873787
B020,Avenue H (Q),BK,2020,397205,384966
B020,Avenue H (Q),BK,2021,368888,466032
B020,Avenue H (Q),BK,2022,438315,645292
B021,Avenue J (Q),BK,2018,1886317,934200
B021,Avenue J (Q),BK,2019,1773026,921922
B021,Avenue J (Q),BK,2020,805447,498414
B021,Avenue J (Q),BK,2021,892925,652411
B021,Avenue J (Q),BK,2022,871437,758367
B022,Avenue M (Q),BK,2018,1816975,751630
B022,Avenue M (Q),BK,2019,1703650,739246
B022,Avenue M (Q),BK,2020,775827,368752
B022,Avenue M (Q),BK,2021,870264,493396
B022,Avenue M (Q),BK,2022,871925,622800
B024,"Kings Hwy (B,Q)",BK,2018,5934371,5118161
B024,"Kings Hwy (B,Q)",BK,2019,5960284,5138828
B024,"Kings Hwy (B,Q)",BK,2020,2617954,2460752
B024,"Kings Hwy (B,Q)",BK,2021,2862227,3089905
B024,"Kings Hwy (B,Q)",BK,2022,2903692,3705611
B025,Avenue U (Q),BK,2018,2356287,906468
B025,Avenue U (Q),BK,2019,2324258,881964
B025,Avenue U (Q),BK,2020,1001761,420081
B025,Avenue U (Q),BK,2021,1099660,517741
B025,Avenue U (Q),BK,2022,1105363,627884
B026,Neck Rd (Q),BK,2018,1391944,415374
B026,Neck Rd (Q),BK,2019,1384708,451637
B026,Neck Rd (Q),BK,2020,592261,185347
B026,Neck Rd (Q),BK,2021,607667,226991
B026,Neck Rd (Q),BK,2022,630357,272515
B027,"Sheepshead Bay (B,Q)",BK,2018,4203679,3719744
B027,"Sheepshead Bay (B,Q)",BK,2019,4178386,3742856
B027,"Sheepshead Bay (B,Q)",BK,2020,1796609,1826237
B027,"Sheepshead Bay (B,Q)",BK,2021,1823144,2187998
B027,"Sheepshead Bay (B,Q)",BK,2022,1860603,2630607
B029,"Brighton Beach (B,Q)",BK,2018,3799567,2453077
B029,"Brighton Beach (B,Q)",BK,2019,3763640,2346526
B029,"Brighton Beach (B,Q)",BK,2020,1707231,1288302
B029,"Brighton Beach (B,Q)",BK,2021,1753539,1536743
B029,"Brighton Beach (B,Q)",BK,2022,1699053,1695180
B032,Ocean Pkwy (Q),BK,2018,1033070,527675
B032,Ocean Pkwy (Q),BK,2019,1045295,531141
B032,Ocean Pkwy (Q),BK,2020,474272,287305
B032,Ocean Pkwy (Q),BK,2021,505259,357660
B032,Ocean Pkwy (Q),BK,2022,510626,382875
C008,"DeKalb Av (B,Q,R)",BK,2018,6668824,2729884
C008,"DeKalb Av (B,Q,R)",BK,2019,6343134,2434487
C008,"DeKalb Av (B,Q,R)",BK,2020,2231745,1054267
C008,"DeKalb Av (B,Q,R)",BK,2021,2092548,1664778
C008,"DeKalb Av (B,Q,R)",BK,2022,2309756,2267823
C010,Union St (R),BK,2018,2095995,1626137
C010,Union St (R),BK,2019,2276444,1716474
C010,Union St (R),BK,2020,816485,783968
C010,Union St (R),BK,2021,868013,1064664
C010,Union St (R),BK,2022,874498,1275284
C012,"4 Av (F,G)/9 St (R)",BK,2018,3919361,3481811
C012,"4 Av (F,G)/9 St (R)",BK,2019,3930099,3550964
C012,"4 Av (F,G)/9 St (R)",BK,2020,1536673,1646991
C012,"4 Av (F,G)/9 St (R)",BK,2021,1590235,2147799
C012,"4 Av (F,G)/9 St (R)",BK,2022,1608156,2739298
C014,Prospect Av (R),BK,2018,1633613,1274850
C014,Prospect Av (R),BK,2019,1775787,1414090
C014,Prospect Av (R),BK,2020,677986,678212
C014,Prospect Av (R),BK,2021,737485,959808
C014,Prospect Av (R),BK,2022,755561,1190007
C016,25 St (R),BK,2018,1163791,935496
C016,25 St (R),BK,2019,1161643,982618
C016,25 St (R),BK,2020,516804,550025
C016,25 St (R),BK,2021,558322,706501
C016,25 St (R),BK,2022,537442,798191
C018,"36 St (D,N,R)",BK,2018,4301940,2539006
C018,"36 St (D,N,R)",BK,2019,4259104,2597877
C018,"36 St (D,N,R)",BK,2020,1958267,1489799
C018,"36 St (D,N,R)",BK,2021,2112116,1911381
C018,"36 St (D,N,R)",BK,2022,2297368,2623618
C019,45 St (R),BK,2018,2241344,1351518
C019,45 St (R),BK,2019,2431165,1439224
C019,45 St (R),BK,2020,1080889,766700
C019,45 St (R),BK,2021,1197996,1004647
C019,45 St (R),BK,2022,1184374,1157963
C020,53 St (R),BK,2018,2370440,2319666
C020,53 St (R),BK,2019,2788153,2904955
C020,53 St (R),BK,2020,1368082,1575857
C020,53 St (R),BK,2021,1422610,1939470
C020,53 St (R),BK,2022,1410695,2173696
C021,"59 St (N,R)",BK,2018,7410946,3966862
C021,"59 St (N,R)",BK,2019,7193284,4173754
C021,"59 St (N,R)",BK,2020,3213441,2344631
C021,"59 St (N,R)",BK,2021,3553116,3466274
C021,"59 St (N,R)",BK,2022,3530271,4258684
C023,Bay Ridge Av (R),BK,2018,2230245,1205140
C023,Bay Ridge Av (R),BK,2019,2362023,1510340
C023,Bay Ridge Av (R),BK,2020,1038490,717033
C023,Bay Ridge Av (R),BK,2021,1111469,1133220
C023,Bay Ridge Av (R),BK,2022,1136685,1042475
C024,77 St (R),BK,2018,1692922,612350
C024,77 St (R),BK,2019,1687604,633632
C024,77 St (R),BK,2020,715694,326936
C024,77 St (R),BK,2021,742072,392806
C024,77 St (R),BK,2022,733498,442859
C025,86 St (R),BK,2018,3468059,2017208
C025,86 St (R),BK,2019,3391347,2035423
C025,86 St (R),BK,2020,1506188,1390746
C025,86 St (R),BK,2021,1690773,1861317
C025,86 St (R),BK,2022,1751291,2131566
C027,Bay Ridge-95 St (R),BK,2018,1765610,1087907
C027,Bay Ridge-95 St (R),BK,2019,1771966,1121664
C027,Bay Ridge-95 St (R),BK,2020,772435,543272
C027,Bay Ridge-95 St (R),BK,2021,766604,639365
C027,Bay Ridge-95 St (R),BK,2022,765143,753056
D002,8 Av (N),BK,2018,3509970,3394313
D002,8 Av (N),BK,2019,3674794,3871171
D002,8 Av (N),BK,2020,1453271,1608719
D002,8 Av (N),BK,2021,1696502,2105611
D002,8 Av (N),BK,2022,1923770,2748876
D003,Fort Hamilton Pkwy (N),BK,2018,958226,146481
D003,Fort Hamilton Pkwy (N),BK,2019,1352908,581527
D003,Fort Hamilton Pkwy (N),BK,2020,786289,473297
D003,Fort Hamilton Pkwy (N),BK,2021,920916,658983
D003,Fort Hamilton Pkwy (N),BK,2022,1064363,903915
D008,18 Av (N),BK,2018,889606,430566
D008,18 Av (N),BK,2019,1035641,750746
D008,18 Av (N),BK,2020,556374,532128
D008,18 Av (N),BK,2021,674216,722534
D008,18 Av (N),BK,2022,699333,909241
D009,20 Av (N),BK,2018,1074379,319012
D009,20 Av (N),BK,2019,1138470,690362
D009,20 Av (N),BK,2020,492011,475180
D009,20 Av (N),BK,2021,594534,648473
D009,20 Av (N),BK,2022,685914,929704
D010,Bay Pkwy (N),BK,2018,1351938,943033
D010,Bay Pkwy (N),BK,2019,1399357,838889
D010,Bay Pkwy (N),BK,2020,772392,647529
D010,Bay Pkwy (N),BK,2021,922727,883496
D010,Bay Pkwy (N),BK,2022,949090,1113450
D012,Kings Hwy (N),BK,2018,1041883,380776
D012,Kings Hwy (N),BK,2019,1384836,1350905
D012,Kings Hwy (N),BK,2020,716777,773806
D012,Kings Hwy (N),BK,2021,857806,1014045
D012,Kings Hwy (N),BK,2022,922950,1275654
D015,Avenue U (N),BK,2018,835182,266446
D015,Avenue U (N),BK,2019,1029791,793285
D015,Avenue U (N),BK,2020,520667,443482
D015,Avenue U (N),BK,2021,644021,603555
D015,Avenue U (N),BK,2022,671638,737378
D016,86 St (N),BK,2018,608432,294914
D016,86 St (N),BK,2019,718443,745193
D016,86 St (N),BK,2020,380950,422516
D016,86 St (N),BK,2021,434504,510075
D016,86 St (N),BK,2022,464163,627665
E001,9 Av (D),BK,2018,1668916,1722080
E001,9 Av (D),BK,2019,1707251,1747674
E001,9 Av (D),BK,2020,819879,883313
E001,9 Av (D),BK,2021,858541,1053038
E001,9 Av (D),BK,2022,946254,1337408
E003,Fort Hamilton Pkwy (D),BK,2018,1194258,727169
E003,Fort Hamilton Pkwy (D),BK,2019,1207492,739580
E003,Fort Hamilton Pkwy (D),BK,2020,623688,427070
E003,Fort Hamilton Pkwy (D),BK,2021,672921,539388
E003,Fort Hamilton Pkwy (D),BK,2022,683639,644695
E004,50 St (D),BK,2018,964948,862340
E004,50 St (D),BK,2019,976197,882819
E004,50 St (D),BK,2020,528736,524970
E004,50 St (D),BK,2021,550108,609812
E004,50 St (D),BK,2022,575902,721403
E005,55 St (D),BK,2018,655783,296008
E005,55 St (D),BK,2019,643006,296811
E005,55 St (D),BK,2020,341262,170837
E005,55 St (D),BK,2021,344386,190756
E005,55 St (D),BK,2022,338353,219531
E006,New Utrecht Av (N)/62 St (D),BK,2018,1501931,672736
E006,New Utrecht Av (N)/62 St (D),BK,2019,1504633,877320
E006,New Utrecht Av (N)/62 St (D),BK,2020,726841,612116
E006,New Utrecht Av (N)/62 St (D),BK,2021,845666,788766
E006,New Utrecht Av (N)/62 St (D),BK,2022,889856,994909
E009,71 St (D),BK,2018,1727913,641296
E009,71 St (D),BK,2019,1731005,603504
E009,71 St (D),BK,2020,735896,293828
E009,71 St (D),BK,2021,738841,317626
E009,71 St (D),BK,2022,814621,412766
E011,79 St (D),BK,2018,1904868,596735
E011,79 St (D),BK,2019,1925583,617060
E011,79 St (D),BK,2020,826753,282012
E011,79 St (D),BK,2021,903096,337932
E011,79 St (D),BK,2022,1021867,448611
E012,18 Av (D),BK,2018,1919680,506532
E012,18 Av (D),BK,2019,1946185,505349
E012,18 Av (D),BK,2020,864943,249533
E012,18 Av (D),BK,2021,889329,272855
E012,18 Av (D),BK,2022,991188,345083
E013,20 Av (D),BK,2018,1543989,459616
E013,20 Av (D),BK,2019,1582693,446058
E013,20 Av (D),BK,2020,716840,232542
E013,20 Av (D),BK,2021,718050,254673
E013,20 Av (D),BK,2022,799110,288977
E014,Bay Pkwy (D),BK,2018,2448152,2176250
E014,Bay Pkwy (D),BK,2019,2458528,2209498
E014,Bay Pkwy (D),BK,2020,1114841,1090713
E014,Bay Pkwy (D),BK,2021,1140223,1346129
E014,Bay Pkwy (D),BK,2022,1261482,1685447
E015,25 Av (D),BK,2018,1608975,434159
E015,25 Av (D),BK,2019,1527045,363587
E015,25 Av (D),BK,2020,630645,171600
E015,25 Av (D),BK,2021,649015,191756
E015,25 Av (D),BK,2022,727865,241304
E016,Bay 50 St (D),BK,2018,835317,180716
E016,Bay 50 St (D),BK,2019,831877,175599
E016,Bay 50 St (D),BK,2020,363237,81529
E016,Bay 50 St (D),BK,2021,414455,192424
E016,Bay 50 St (D),BK,2022,477536,217093
G009,"Coney Island-Stillwell Av (D,F,N,Q)",BK,2018,4700431,3994734
G009,"Coney Island-Stillwell Av (D,F,N,Q)",BK,2019,4715779,4014638
G009,"Coney Island-Stillwell Av (D,F,N,Q)",BK,2020,1996445,2005521
G009,"Coney Island-Stillwell Av (D,F,N,Q)",BK,2021,2249609,2467811
G009,"Coney Island-Stillwell Av (D,F,N,Q)",BK,2022,2442871,2968080
G011,"West 8 St-New York Aquarium (F,Q)",BK,2018,823558,651772
G011,"West 8 St-New York Aquarium (F,Q)",BK,2019,839853,681852
G011,"West 8 St-New York Aquarium (F,Q)",BK,2020,322792,267322
G011,"West 8 St-New York Aquarium (F,Q)",BK,2021,373123,444266
G011,"West 8 St-New York Aquarium (F,Q)",BK,2022,414744,548894
H006,3 Av (L),M,2018,2205786,2196901
H006,3 Av (L),M,2019,1701150,1783488
H006,3 Av (L),M,2020,724512,755311
H006,3 Av (L),M,2021,766845,1206608
H006,3 Av (L),M,2022,713630,1602909
H007,1 Av (L),M,2018,6453483,7058687
H007,1 Av (L),M,2019,5212989,5802194
H007,1 Av (L),M,2020,2133943,2825008
H007,1 Av (L),M,2021,2664850,4711824
H007,1 Av (L),M,2022,2530937,5953713
H009,Bedford Av (L),BK,2018,8726249,9354799
H009,Bedford Av (L),BK,2019,7623969,5669475
H009,Bedford Av (L),BK,2020,2837553,2563986
H009,Bedford Av (L),BK,2021,3056348,5784337
H009,Bedford Av (L),BK,2022,2964724,8258436
H012,Lorimer St (L)/Metropolitan Av (G),BK,2018,4800391,2326583
H012,Lorimer St (L)/Metropolitan Av (G),BK,2019,4675741,2509774
H012,Lorimer St (L)/Metropolitan Av (G),BK,2020,1759384,1114368
H012,Lorimer St (L)/Metropolitan Av (G),BK,2021,1664197,1882198
H012,Lorimer St (L)/Metropolitan Av (G),BK,2022,1573253,3250177
H013,Graham Av (L),BK,2018,3043898,2130405
H013,Graham Av (L),BK,2019,2698890,1767513
H013,Graham Av (L),BK,2020,1014583,877551
H013,Graham Av (L),BK,2021,1076317,1387073
H013,Graham Av (L),BK,2022,990583,1631708
H015,Grand St (L),BK,2018,2151728,2072624
H015,Grand St (L),BK,2019,1865717,1808149
H015,Grand St (L),BK,2020,810387,907704
H015,Grand St (L),BK,2021,911928,1301717
H015,Grand St (L),BK,2022,896060,1657818
H017,Montrose Av (L),BK,2018,2239983,1296149
H017,Montrose Av (L),BK,2019,1932810,1114674
H017,Montrose Av (L),BK,2020,811122,656033
H017,Montrose Av (L),BK,2021,883600,1041723
H017,Montrose Av (L),BK,2022,786389,1076392
H019,Morgan Av (L),BK,2018,2451941,1193903
H019,Morgan Av (L),BK,2019,2088777,1127623
H019,Morgan Av (L),BK,2020,837398,673329
H019,Morgan Av (L),BK,2021,851175,997092
H019,Morgan Av (L),BK,2022,760327,1222099
H022,Jefferson St (L),BK,2018,2508177,596917
H022,Jefferson St (L),BK,2019,2227702,567583
H022,Jefferson St (L),BK,2020,892544,277916
H022,Jefferson St (L),BK,2021,960599,447717
H022,Jefferson St (L),BK,2022,898447,565464
H023,DeKalb Av (L),BK,2018,3265837,893850
H023,DeKalb Av (L),BK,2019,2799957,732968
H023,DeKalb Av (L),BK,2020,1264489,425297
H023,DeKalb Av (L),BK,2021,1254033,530813
H023,DeKalb Av (L),BK,2022,1046008,617292
H026,"Myrtle-Wyckoff Avs (L,M)",BK,2018,6819450,3943452
H026,"Myrtle-Wyckoff Avs (L,M)",BK,2019,5907056,3567349
H026,"Myrtle-Wyckoff Avs (L,M)",BK,2020,2718758,2178199
H026,"Myrtle-Wyckoff Avs (L,M)",BK,2021,2806355,2802756
H026,"Myrtle-Wyckoff Avs (L,M)",BK,2022,2811617,3554712
H028,Halsey St (L),BK,2018,2632383,1661439
H028,Halsey St (L),BK,2019,2183058,1401565
H028,Halsey St (L),BK,2020,994485,733290
H028,Halsey St (L),BK,2021,1042600,1025132
H028,Halsey St (L),BK,2022,947350,1302286
H032,Wilson Av (L),BK,2018,1430668,1310687
H032,Wilson Av (L),BK,2019,1302743,1205911
H032,Wilson Av (L),BK,2020,588787,605798
H032,Wilson Av (L),BK,2021,622668,839785
H032,Wilson Av (L),BK,2022,568473,1036563
H033,Bushwick Av-Aberdeen St (L),BK,2018,676116,505746
H033,Bushwick Av-Aberdeen St (L),BK,2019,604667,447309
H033,Bushwick Av-Aberdeen St (L),BK,2020,297100,257630
H033,Bushwick Av-Aberdeen St (L),BK,2021,340219,347045
H033,Bushwick Av-Aberdeen St (L),BK,2022,330297,393111
H035,Atlantic Av (L),BK,2018,583928,235968
H035,Atlantic Av (L),BK,2019,494569,223099
H035,Atlantic Av (L),BK,2020,246609,137374
H035,Atlantic Av (L),BK,2021,258218,164306
H035,Atlantic Av (L),BK,2022,260112,191474
H037,Sutter Av (L),BK,2018,1259402,1007575
H037,Sutter Av (L),BK,2019,1057645,830561
H037,Sutter Av (L),BK,2020,492671,636713
H037,Sutter Av (L),BK,2021,477032,722424
H037,Sutter Av (L),BK,2022,414918,762849
H038,Livonia Av (L),BK,2018,1005231,795259
H038,Livonia Av (L),BK,2019,865644,739641
H038,Livonia Av (L),BK,2020,458996,432324
H038,Livonia Av (L),BK,2021,365759,451041
H038,Livonia Av (L),BK,2022,423521,634831
H039,New Lots Av (L),BK,2018,1508354,1476271
H039,New Lots Av (L),BK,2019,1271041,1344739
H039,New Lots Av (L),BK,2020,618134,819121
H039,New Lots Av (L),BK,2021,611433,900508
H039,New Lots Av (L),BK,2022,578912,996678
H040,East 105 St (L),BK,2018,1165324,1132068
H040,East 105 St (L),BK,2019,1024165,1069424
H040,East 105 St (L),BK,2020,488184,606705
H040,East 105 St (L),BK,2021,434148,649193
H040,East 105 St (L),BK,2022,423619,784057
H041,Canarsie-Rockaway Pkwy (L),BK,2018,3661376,1236140
H041,Canarsie-Rockaway Pkwy (L),BK,2019,3352218,2917944
H041,Canarsie-Rockaway Pkwy (L),BK,2020,1350167,674101
H041,Canarsie-Rockaway Pkwy (L),BK,2021,1030681,704114
H041,Canarsie-Rockaway Pkwy (L),BK,2022,694573,564361
J001,"Marcy Av (J,M,Z)",BK,2018,4111539,2512486
J001,"Marcy Av (J,M,Z)",BK,2019,4612593,3031829
J001,"Marcy Av (J,M,Z)",BK,2020,1769797,1766265
J001,"Marcy Av (J,M,Z)",BK,2021,1509644,2064934
J001,"Marcy Av (J,M,Z)",BK,2022,1396280,2583069
J003,"Hewes St (J,M)",BK,2018,895845,456890
J003,"Hewes St (J,M)",BK,2019,1116040,888402
J003,"Hewes St (J,M)",BK,2020,469938,454516
J003,"Hewes St (J,M)",BK,2021,307399,461901
J003,"Hewes St (J,M)",BK,2022,227424,537157
J005,"Lorimer St (J,M)",BK,2018,1476975,962017
J005,"Lorimer St (J,M)",BK,2019,1750022,1329899
J005,"Lorimer St (J,M)",BK,2020,718802,640122
J005,"Lorimer St (J,M)",BK,2021,641142,746369
J005,"Lorimer St (J,M)",BK,2022,584707,903943
J007,"Flushing Av (J,M)",BK,2018,2555767,1377878
J007,"Flushing Av (J,M)",BK,2019,2754667,1595882
J007,"Flushing Av (J,M)",BK,2020,1304834,955891
J007,"Flushing Av (J,M)",BK,2021,1190790,1085268
J007,"Flushing Av (J,M)",BK,2022,1066653,1270310
J009,"Myrtle Av (J,M,Z)",BK,2018,3720907,2081213
J009,"Myrtle Av (J,M,Z)",BK,2019,3766743,2274552
J009,"Myrtle Av (J,M,Z)",BK,2020,1558977,1259523
J009,"Myrtle Av (J,M,Z)",BK,2021,1360873,1535306
J009,"Myrtle Av (J,M,Z)",BK,2022,1238477,1723295
J012,Kosciuszko St (J),BK,2018,1915037,640213
J012,Kosciuszko St (J),BK,2019,1793706,601446
J012,Kosciuszko St (J),BK,2020,726076,416404
J012,Kosciuszko St (J),BK,2021,687680,493652
J012,Kosciuszko St (J),BK,2022,627551,533745
J013,"Gates Av (J,Z)",BK,2018,2208424,869061
J013,"Gates Av (J,Z)",BK,2019,2264257,936623
J013,"Gates Av (J,Z)",BK,2020,954745,495392
J013,"Gates Av (J,Z)",BK,2021,898678,581991
J013,"Gates Av (J,Z)",BK,2022,802972,692260
J016,Halsey St (J),BK,2018,2018458,901267
J016,Halsey St (J),BK,2019,2053232,1016267
J016,Halsey St (J),BK,2020,860124,501372
J016,Halsey St (J),BK,2021,772265,566974
J016,Halsey St (J),BK,2022,693208,689080
J017,"Chauncey St (J,Z)",BK,2018,1069895,473361
J017,"Chauncey St (J,Z)",BK,2019,1085208,526641
J017,"Chauncey St (J,Z)",BK,2020,481217,273169
J017,"Chauncey St (J,Z)",BK,2021,447787,296446
J017,"Chauncey St (J,Z)",BK,2022,386969,339392
J020,Alabama Av (J),BK,2018,678793,702913
J020,Alabama Av (J),BK,2019,653885,697083
J020,Alabama Av (J),BK,2020,354512,452131
J020,Alabama Av (J),BK,2021,359311,487646
J020,Alabama Av (J),BK,2022,329612,479584
J021,"Van Siclen Av (J,Z)",BK,2018,823158,881997
J021,"Van Siclen Av (J,Z)",BK,2019,795484,881307
J021,"Van Siclen Av (J,Z)",BK,2020,417341,510574
J021,"Van Siclen Av (J,Z)",BK,2021,424143,599487
J021,"Van Siclen Av (J,Z)",BK,2022,405786,708562
J022,Cleveland St (J),BK,2018,907484,946037
J022,Cleveland St (J),BK,2019,888175,965655
J022,Cleveland St (J),BK,2020,441136,591122
J022,Cleveland St (J),BK,2021,414909,671202
J022,Cleveland St (J),BK,2022,376183,775340
J023,"Norwood Av (J,Z)",BK,2018,970626,993978
J023,"Norwood Av (J,Z)",BK,2019,951519,1030188
J023,"Norwood Av (J,Z)",BK,2020,458848,612309
J023,"Norwood Av (J,Z)",BK,2021,433525,672216
J023,"Norwood Av (J,Z)",BK,2022,407155,782744
J024,"Crescent St (J,Z)",BK,2018,1472135,1670782
J024,"Crescent St (J,Z)",BK,2019,1396219,1588359
J024,"Crescent St (J,Z)",BK,2020,683388,909303
J024,"Crescent St (J,Z)",BK,2021,695192,1110541
J024,"Crescent St (J,Z)",BK,2022,624360,1328185
J025,Cypress Hills (J),BK,2018,415609,260263
J025,Cypress Hills (J),BK,2019,424294,264384
J025,Cypress Hills (J),BK,2020,227666,160638
J025,Cypress Hills (J),BK,2021,231819,200314
J025,Cypress Hills (J),BK,2022,214719,214460
J028,"75 St-Elderts Ln (J,Z)",Q,2018,995212,747641
J028,"75 St-Elderts Ln (J,Z)",Q,2019,1030486,797131
J028,"75 St-Elderts Ln (J,Z)",Q,2020,538293,392033
J028,"75 St-Elderts Ln (J,Z)",Q,2021,579986,483056
J028,"75 St-Elderts Ln (J,Z)",Q,2022,534482,572082
J030,85 St-Forest Pkwy (J),Q,2018,1070709,660917
J030,85 St-Forest Pkwy (J),Q,2019,1067385,542495
J030,85 St-Forest Pkwy (J),Q,2020,561473,310402
J030,85 St-Forest Pkwy (J),Q,2021,588678,386889
J030,85 St-Forest Pkwy (J),Q,2022,550793,404052
J031,"Woodhaven Blvd (J,Z)",Q,2018,1381976,694300
J031,"Woodhaven Blvd (J,Z)",Q,2019,1344356,806448
J031,"Woodhaven Blvd (J,Z)",Q,2020,687853,552368
J031,"Woodhaven Blvd (J,Z)",Q,2021,698455,607301
J031,"Woodhaven Blvd (J,Z)",Q,2022,674232,522970
J034,"104 St (J,Z)",Q,2018,328141,93518
J034,"104 St (J,Z)",Q,2019,586446,294232
J034,"104 St (J,Z)",Q,2020,367363,211453
J034,"104 St (J,Z)",Q,2021,410648,318467
J034,"104 St (J,Z)",Q,2022,402580,327460
J035,111 St (J),Q,2018,810532,479244
J035,111 St (J),Q,2019,351301,215486
J035,111 St (J),Q,2020,307353,192024
J035,111 St (J),Q,2021,357995,272200
J035,111 St (J),Q,2022,346765,319645
J037,"121 St (J,Z)",Q,2018,394300,246501
J037,"121 St (J,Z)",Q,2019,686603,448613
J037,"121 St (J,Z)",Q,2020,324519,227982
J037,"121 St (J,Z)",Q,2021,393744,291593
J037,"121 St (J,Z)",Q,2022,365944,307850
K017,Central Av (M),BK,2018,725271,651190
K017,Central Av (M),BK,2019,1439585,1386711
K017,Central Av (M),BK,2020,585545,615167
K017,Central Av (M),BK,2021,467800,649080
K017,Central Av (M),BK,2022,435536,816474
K019,Knickerbocker Av (M),BK,2018,773173,764927
K019,Knickerbocker Av (M),BK,2019,1526158,1563273
K019,Knickerbocker Av (M),BK,2020,656930,757490
K019,Knickerbocker Av (M),BK,2021,556835,808250
K019,Knickerbocker Av (M),BK,2022,528732,969977
K022,Seneca Av (M),Q,2018,567853,558838
K022,Seneca Av (M),Q,2019,1076186,1075551
K022,Seneca Av (M),Q,2020,476210,511136
K022,Seneca Av (M),Q,2021,390213,526015
K022,Seneca Av (M),Q,2022,364639,654217
K024,Forest Av (M),Q,2018,934734,763890
K024,Forest Av (M),Q,2019,1310793,998458
K024,Forest Av (M),Q,2020,616131,540445
K024,Forest Av (M),Q,2021,604829,626504
K024,Forest Av (M),Q,2022,595999,728105
K025,Fresh Pond Rd (M),Q,2018,1424554,1547704
K025,Fresh Pond Rd (M),Q,2019,1794909,1915210
K025,Fresh Pond Rd (M),Q,2020,857514,981583
K025,Fresh Pond Rd (M),Q,2021,834742,1137356
K025,Fresh Pond Rd (M),Q,2022,810288,1385972
K026,Middle Village-Metropolitan Av (M),Q,2018,789662,810101
K026,Middle Village-Metropolitan Av (M),Q,2019,890441,901106
K026,Middle Village-Metropolitan Av (M),Q,2020,430830,502915
K026,Middle Village-Metropolitan Av (M),Q,2021,480111,583483
K026,Middle Village-Metropolitan Av (M),Q,2022,493022,689414
N002A,Inwood-207 St (A),M,2018,2861416,1315017
N002A,Inwood-207 St (A),M,2019,3228271,1550134
N002A,Inwood-207 St (A),M,2020,1307758,787391
N002A,Inwood-207 St (A),M,2021,1341011,935174
N002A,Inwood-207 St (A),M,2022,1209642,954750
N003,Dyckman St (A),M,2018,2036324,59326
N003,Dyckman St (A),M,2019,2215061,67560
N003,Dyckman St (A),M,2020,906627,40984
N003,Dyckman St (A),M,2021,932469,59372
N003,Dyckman St (A),M,2022,854521,73211
N006A,190 St (A),M,2018,1098648,355410
N006A,190 St (A),M,2019,911307,154579
N006A,190 St (A),M,2020,292001,61759
N006A,190 St (A),M,2021,199811,35943
N006A,190 St (A),M,2022,294724,93719
N007A,181 St (A),M,2018,3363098,2645798
N007A,181 St (A),M,2019,3398328,2928659
N007A,181 St (A),M,2020,1259685,1350058
N007A,181 St (A),M,2021,1435727,1555489
N007A,181 St (A),M,2022,1132305,1669278
N010,175 St (A),M,2018,3878394,2113853
N010,175 St (A),M,2019,4173653,2297334
N010,175 St (A),M,2020,1575798,1097114
N010,175 St (A),M,2021,1674853,1438189
N010,175 St (A),M,2022,1484646,1497415
N016A,163 St-Amsterdam Av (C),M,2018,494959,357989
N016A,163 St-Amsterdam Av (C),M,2019,1385810,1188063
N016A,163 St-Amsterdam Av (C),M,2020,588638,662163
N016A,163 St-Amsterdam Av (C),M,2021,585391,759683
N016A,163 St-Amsterdam Av (C),M,2022,573668,865551
N017,155 St (C),M,2018,1004913,816971
N017,155 St (C),M,2019,900870,722061
N017,155 St (C),M,2020,359199,353343
N017,155 St (C),M,2021,368405,422698
N017,155 St (C),M,2022,370889,499516
N019,"145 St (A,B,C,D)",M,2018,7197612,6986140
N019,"145 St (A,B,C,D)",M,2019,7197183,7230208
N019,"145 St (A,B,C,D)",M,2020,2993936,3527952
N019,"145 St (A,B,C,D)",M,2021,2960318,4110993
N019,"145 St (A,B,C,D)",M,2022,3057754,5132389
N024,"135 St (B,C)",M,2018,1633332,1261649
N024,"135 St (B,C)",M,2019,1753145,1332240
N024,"135 St (B,C)",M,2020,640393,574063
N024,"135 St (B,C)",M,2021,630972,700597
N024,"135 St (B,C)",M,2022,707680,907583
N026,"125 St (A,B,C,D)",M,2018,8854121,7517411
N026,"125 St (A,B,C,D)",M,2019,8964243,7986294
N026,"125 St (A,B,C,D)",M,2020,3733516,4089955
N026,"125 St (A,B,C,D)",M,2021,3699945,4837947
N026,"125 St (A,B,C,D)",M,2022,3677760,5721543
N030,"116 St (B,C)",M,2018,1936388,1089677
N030,"116 St (B,C)",M,2019,2269125,1643829
N030,"116 St (B,C)",M,2020,861899,838145
N030,"116 St (B,C)",M,2021,868988,992943
N030,"116 St (B,C)",M,2022,909196,1223877
N035,"Cathedral Pkwy-110 St (B,C)",M,2018,1160032,598983
N035,"Cathedral Pkwy-110 St (B,C)",M,2019,2387572,1230904
N035,"Cathedral Pkwy-110 St (B,C)",M,2020,877159,551239
N035,"Cathedral Pkwy-110 St (B,C)",M,2021,939118,721044
N035,"Cathedral Pkwy-110 St (B,C)",M,2022,933852,873099
N037,"103 St (B,C)",M,2018,1633901,1042908
N037,"103 St (B,C)",M,2019,1497255,1049460
N037,"103 St (B,C)",M,2020,552586,466614
N037,"103 St (B,C)",M,2021,584398,629161
N037,"103 St (B,C)",M,2022,599784,808656
N040,"96 St (B,C)",M,2018,2840236,2177615
N040,"96 St (B,C)",M,2019,3035230,2418098
N040,"96 St (B,C)",M,2020,1138887,1097852
N040,"96 St (B,C)",M,2021,1194614,1413723
N040,"96 St (B,C)",M,2022,1179896,1674085
N043,"86 St (B,C)",M,2018,1724516,931955
N043,"86 St (B,C)",M,2019,3214355,2780608
N043,"86 St (B,C)",M,2020,1124445,1120137
N043,"86 St (B,C)",M,2021,1217191,1559843
N043,"86 St (B,C)",M,2022,1292075,2099128
N044,"81 St-Museum of Natural History (B,C)",M,2018,4655859,3952902
N044,"81 St-Museum of Natural History (B,C)",M,2019,4287022,3565606
N044,"81 St-Museum of Natural History (B,C)",M,2020,1196903,1123062
N044,"81 St-Museum of Natural History (B,C)",M,2021,1508919,1856169
N044,"81 St-Museum of Natural History (B,C)",M,2022,1821864,2657263
N046,"72 St (B,C)",M,2018,1373135,1226039
N046,"72 St (B,C)",M,2019,2826336,2524163
N046,"72 St (B,C)",M,2020,871263,896430
N046,"72 St (B,C)",M,2021,1026811,1328439
N046,"72 St (B,C)",M,2022,1133917,1774433
N049,"59 St-Columbus Circle (A,B,C,D,1)",M,2018,22189221,17770198
N049,"59 St-Columbus Circle (A,B,C,D,1)",M,2019,22254314,18469621
N049,"59 St-Columbus Circle (A,B,C,D,1)",M,2020,7177418,6534992
N049,"59 St-Columbus Circle (A,B,C,D,1)",M,2021,7221681,8570289
N049,"59 St-Columbus Circle (A,B,C,D,1)",M,2022,8520366,12387674
N056,"50 St (C,E)",M,2018,6399917,3872088
N056,"50 St (C,E)",M,2019,6811440,4310023
N056,"50 St (C,E)",M,2020,1817623,1307921
N056,"50 St (C,E)",M,2021,1834475,1565605
N056,"50 St (C,E)",M,2022,2179487,2351897
N060,"Times Sq-42 St (N,Q,R,W,S,1,2,3,7)/42 St (A,C,E)/Bryant Pk (B,D,F,M)/5 Av (7)",M,2018,74583209,65370163
N060,"Times Sq-42 St (N,Q,R,W,S,1,2,3,7)/42 St (A,C,E)/Bryant Pk (B,D,F,M)/5 Av (7)",M,2019,75111089,68660352
N060,"Times Sq-42 St (N,Q,R,W,S,1,2,3,7)/42 St (A,C,E)/Bryant Pk (B,D,F,M)/5 Av (7)",M,2020,23122525,24605646
N060,"Times Sq-42 St (N,Q,R,W,S,1,2,3,7)/42 St (A,C,E)/Bryant Pk (B,D,F,M)/5 Av (7)",M,2021,22401646,30538314
N060,"Times Sq-42 St (N,Q,R,W,S,1,2,3,7)/42 St (A,C,E)/Bryant Pk (B,D,F,M)/5 Av (7)",M,2022,27118229,45649620
N070,"34 St-Penn Station (A,C,E)",M,2018,24889724,22289700
N070,"34 St-Penn Station (A,C,E)",M,2019,25610309,23054079
N070,"34 St-Penn Station (A,C,E)",M,2020,7700183,8333257
N070,"34 St-Penn Station (A,C,E)",M,2021,7867521,10787129
N070,"34 St-Penn Station (A,C,E)",M,2022,8758007,14530517
N076,"23 St (C,E)",M,2018,7342653,4703636
N076,"23 St (C,E)",M,2019,7222965,4539636
N076,"23 St (C,E)",M,2020,2233953,1654173
N076,"23 St (C,E)",M,2021,2257067,2295467
N076,"23 St (C,E)",M,2022,2343268,2875095
N078,"14 St (A,C,E)/8 Av (L)",M,2018,13335797,9052804
N078,"14 St (A,C,E)/8 Av (L)",M,2019,13244028,9914321
N078,"14 St (A,C,E)/8 Av (L)",M,2020,3868112,3642396
N078,"14 St (A,C,E)/8 Av (L)",M,2021,4366154,5775588
N078,"14 St (A,C,E)/8 Av (L)",M,2022,4875756,7846519
N080,"West 4 St-Washington Sq (A,B,C,D,E,F,M)",M,2018,13078040,11806684
N080,"West 4 St-Washington Sq (A,B,C,D,E,F,M)",M,2019,13643594,12441196
N080,"West 4 St-Washington Sq (A,B,C,D,E,F,M)",M,2020,4224056,4636417
N080,"West 4 St-Washington Sq (A,B,C,D,E,F,M)",M,2021,4148758,6656271
N080,"West 4 St-Washington Sq (A,B,C,D,E,F,M)",M,2022,4346528,9132575
N086,"Spring St (C,E)",M,2018,3787302,770996
N086,"Spring St (C,E)",M,2019,4325312,877284
N086,"Spring St (C,E)",M,2020,1283369,332310
N086,"Spring St (C,E)",M,2021,1214575,484146
N086,"Spring St (C,E)",M,2022,1293993,657496
N089,"Canal St (A,C,E)",M,2018,6131873,5486357
N089,"Canal St (A,C,E)",M,2019,6337852,5710119
N089,"Canal St (A,C,E)",M,2020,1853969,1839579
N089,"Canal St (A,C,E)",M,2021,1681401,2517784
N089,"Canal St (A,C,E)",M,2022,1897556,3516347
N094,"Chambers St (A,C)/WTC (E)/Park Pl (2,3)/Cortlandt (R,W)",M,2018,21743074,15770414
N094,"Chambers St (A,C)/WTC (E)/Park Pl (2,3)/Cortlandt (R,W)",M,2019,20862301,15351251
N094,"Chambers St (A,C)/WTC (E)/Park Pl (2,3)/Cortlandt (R,W)",M,2020,5791959,4833086
N094,"Chambers St (A,C)/WTC (E)/Park Pl (2,3)/Cortlandt (R,W)",M,2021,5158378,5785558
N094,"Chambers St (A,C)/WTC (E)/Park Pl (2,3)/Cortlandt (R,W)",M,2022,6734018,8760900
N095,"Fulton St (A,C,J,Z,2,3,4,5)",M,2018,27735571,22869672
N095,"Fulton St (A,C,J,Z,2,3,4,5)",M,2019,27152062,23592277
N095,"Fulton St (A,C,J,Z,2,3,4,5)",M,2020,8293232,8532537
N095,"Fulton St (A,C,J,Z,2,3,4,5)",M,2021,7547172,10101865
N095,"Fulton St (A,C,J,Z,2,3,4,5)",M,2022,8900062,14717325
N100,"High St (A,C)",BK,2018,2602878,2835325
N100,"High St (A,C)",BK,2019,2606286,3162983
N100,"High St (A,C)",BK,2020,787951,1013029
N100,"High St (A,C)",BK,2021,1077902,1720262
N100,"High St (A,C)",BK,2022,1309231,2433094
N103,"Jay St-MetroTech (A,C,F,R)",BK,2018,12733501,7295626
N103,"Jay St-MetroTech (A,C,F,R)",BK,2019,12445916,8186359
N103,"Jay St-MetroTech (A,C,F,R)",BK,2020,4064115,3350786
N103,"Jay St-MetroTech (A,C,F,R)",BK,2021,3754627,4055473
N103,"Jay St-MetroTech (A,C,F,R)",BK,2022,4400330,5725184
N108,"Hoyt-Schermerhorn Sts (A,C,G)",BK,2018,3338931,2802787
N108,"Hoyt-Schermerhorn Sts (A,C,G)",BK,2019,3560634,3072802
N108,"Hoyt-Schermerhorn Sts (A,C,G)",BK,2020,1407718,1453376
N108,"Hoyt-Schermerhorn Sts (A,C,G)",BK,2021,1353322,1900606
N108,"Hoyt-Schermerhorn Sts (A,C,G)",BK,2022,1387476,2475408
N110,Lafayette Av (C),BK,2018,1641549,712871
N110,Lafayette Av (C),BK,2019,1429484,678211
N110,Lafayette Av (C),BK,2020,475419,301642
N110,Lafayette Av (C),BK,2021,475913,401425
N110,Lafayette Av (C),BK,2022,499786,541770
N111,Clinton-Washington Avs (C),BK,2018,2129607,1672223
N111,Clinton-Washington Avs (C),BK,2019,2140614,1699282
N111,Clinton-Washington Avs (C),BK,2020,703610,713232
N111,Clinton-Washington Avs (C),BK,2021,674737,905115
N111,Clinton-Washington Avs (C),BK,2022,724819,1211361
N114,"Franklin Av (C,S)",BK,2018,2072384,2082220
N114,"Franklin Av (C,S)",BK,2019,1997531,2072069
N114,"Franklin Av (C,S)",BK,2020,783633,1005397
N114,"Franklin Av (C,S)",BK,2021,724213,1151850
N114,"Franklin Av (C,S)",BK,2022,676451,1424255
N116,"Nostrand Av (A,C)",BK,2018,5461437,3839091
N116,"Nostrand Av (A,C)",BK,2019,5410100,4053451
N116,"Nostrand Av (A,C)",BK,2020,2122440,2405058
N116,"Nostrand Av (A,C)",BK,2021,2160817,2963109
N116,"Nostrand Av (A,C)",BK,2022,2112847,3641341
N119,Kingston-Throop Avs (C),BK,2018,2113444,1737498
N119,Kingston-Throop Avs (C),BK,2019,2053022,1801286
N119,Kingston-Throop Avs (C),BK,2020,776156,912401
N119,Kingston-Throop Avs (C),BK,2021,739913,1073540
N119,Kingston-Throop Avs (C),BK,2022,759615,1390638
N120,"Utica Av (A,C)",BK,2018,5181660,4020343
N120,"Utica Av (A,C)",BK,2019,5092717,4189868
N120,"Utica Av (A,C)",BK,2020,2082108,2071819
N120,"Utica Av (A,C)",BK,2021,1952200,2314266
N120,"Utica Av (A,C)",BK,2022,1861436,2819045
N121B,Ralph Av (C),BK,2018,1863576,939531
N121B,Ralph Av (C),BK,2019,1840575,961124
N121B,Ralph Av (C),BK,2020,800788,544252
N121B,Ralph Av (C),BK,2021,752206,608619
N121B,Ralph Av (C),BK,2022,706948,726336
N122,Rockaway Av (C),BK,2018,1807821,1081074
N122,Rockaway Av (C),BK,2019,1801800,1110476
N122,Rockaway Av (C),BK,2020,768155,588189
N122,Rockaway Av (C),BK,2021,725742,618009
N122,Rockaway Av (C),BK,2022,712826,757668
N124,"Broadway Junction (A,C,J,L,Z)",BK,2018,2891894,2623310
N124,"Broadway Junction (A,C,J,L,Z)",BK,2019,2829383,2678509
N124,"Broadway Junction (A,C,J,L,Z)",BK,2020,1366918,1475551
N124,"Broadway Junction (A,C,J,L,Z)",BK,2021,1296075,1560536
N124,"Broadway Junction (A,C,J,L,Z)",BK,2022,1227920,1734763
N125,Liberty Av (C),BK,2018,852200,412563
N125,Liberty Av (C),BK,2019,847383,434965
N125,Liberty Av (C),BK,2020,384654,261362
N125,Liberty Av (C),BK,2021,381701,295861
N125,Liberty Av (C),BK,2022,390948,332582
N126,Van Siclen Av (C),BK,2018,972010,924948
N126,Van Siclen Av (C),BK,2019,934304,930324
N126,Van Siclen Av (C),BK,2020,442778,510504
N126,Van Siclen Av (C),BK,2021,417462,545481
N126,Van Siclen Av (C),BK,2022,405390,647134
N127,Shepherd Av (C),BK,2018,1008458,529274
N127,Shepherd Av (C),BK,2019,995973,545489
N127,Shepherd Av (C),BK,2020,453085,339638
N127,Shepherd Av (C),BK,2021,442848,375224
N127,Shepherd Av (C),BK,2022,441334,450740
N128,"Euclid Av (A,C)",BK,2018,3250979,1033237
N128,"Euclid Av (A,C)",BK,2019,3319576,1084205
N128,"Euclid Av (A,C)",BK,2020,1585879,684259
N128,"Euclid Av (A,C)",BK,2021,1470850,753890
N128,"Euclid Av (A,C)",BK,2022,1440785,854693
N129,Grant Av (A),BK,2018,1877208,1556988
N129,Grant Av (A),BK,2019,1786248,1565159
N129,Grant Av (A),BK,2020,828676,877696
N129,Grant Av (A),BK,2021,790981,961940
N129,Grant Av (A),BK,2022,804193,1118990
N131,80 St (A),Q,2018,1342464,758241
N131,80 St (A),Q,2019,1312101,734580
N131,80 St (A),Q,2020,558906,325770
N131,80 St (A),Q,2021,585451,389008
N131,80 St (A),Q,2022,625810,517628
N133,88 St (A),Q,2018,866942,349623
N133,88 St (A),Q,2019,862311,351485
N133,88 St (A),Q,2020,390873,177292
N133,88 St (A),Q,2021,399357,200392
N133,88 St (A),Q,2022,413151,259085
N134,Rockaway Blvd (A),Q,2018,2382913,760235
N134,Rockaway Blvd (A),Q,2019,2341676,711966
N134,Rockaway Blvd (A),Q,2020,1079528,390041
N134,Rockaway Blvd (A),Q,2021,1130913,388649
N134,Rockaway Blvd (A),Q,2022,1160895,445747
N137,104 St (A),Q,2018,470619,195978
N137,104 St (A),Q,2019,452124,186444
N137,104 St (A),Q,2020,215983,95538
N137,104 St (A),Q,2021,231009,126909
N137,104 St (A),Q,2022,243367,142109
N139,111 St (A),Q,2018,772701,269198
N139,111 St (A),Q,2019,767961,267424
N139,111 St (A),Q,2020,346533,144629
N139,111 St (A),Q,2021,357807,140480
N139,111 St (A),Q,2022,376883,179512
N141,Ozone Park-Lefferts Blvd (A),Q,2018,2359229,1881380
N141,Ozone Park-Lefferts Blvd (A),Q,2019,2277652,1801946
N141,Ozone Park-Lefferts Blvd (A),Q,2020,1095622,1018759
N141,Ozone Park-Lefferts Blvd (A),Q,2021,1105065,1123002
N141,Ozone Park-Lefferts Blvd (A),Q,2022,1131821,1304168
N181,Aqueduct-North Conduit Av (A),Q,2018,285177,573836
N181,Aqueduct-North Conduit Av (A),Q,2019,271226,574844
N181,Aqueduct-North Conduit Av (A),Q,2020,113392,220850
N181,Aqueduct-North Conduit Av (A),Q,2021,119019,316983
N181,Aqueduct-North Conduit Av (A),Q,2022,118524,370661
N181A,Aqueduct Racetrack (A),Q,2018,733150,58819
N181A,Aqueduct Racetrack (A),Q,2019,603036,59181
N181A,Aqueduct Racetrack (A),Q,2020,170868,24934
N181A,Aqueduct Racetrack (A),Q,2021,222675,38457
N181A,Aqueduct Racetrack (A),Q,2022,177896,35259
N182,Howard Beach-JFK Airport (A),Q,2018,1283234,1611886
N182,Howard Beach-JFK Airport (A),Q,2019,1446113,1482035
N182,Howard Beach-JFK Airport (A),Q,2020,510772,312051
N182,Howard Beach-JFK Airport (A),Q,2021,717527,442839
N182,Howard Beach-JFK Airport (A),Q,2022,1010526,946614
N183,"Broad Channel (A,S)",Q,2018,86640,21949
N183,"Broad Channel (A,S)",Q,2019,95921,25078
N183,"Broad Channel (A,S)",Q,2020,39101,18608
N183,"Broad Channel (A,S)",Q,2021,40324,23409
N183,"Broad Channel (A,S)",Q,2022,40071,20295
N184,"Beach 90 St (A,S)",Q,2018,390694,318646
N184,"Beach 90 St (A,S)",Q,2019,355588,291424
N184,"Beach 90 St (A,S)",Q,2020,133720,147043
N184,"Beach 90 St (A,S)",Q,2021,129454,168783
N184,"Beach 90 St (A,S)",Q,2022,121257,208200
N185,"Beach 98 St (A,S)",Q,2018,158689,159500
N185,"Beach 98 St (A,S)",Q,2019,167929,166801
N185,"Beach 98 St (A,S)",Q,2020,66290,83252
N185,"Beach 98 St (A,S)",Q,2021,65067,99598
N185,"Beach 98 St (A,S)",Q,2022,73590,132492
N186,"Beach 105 St (A,S)",Q,2018,95934,103420
N186,"Beach 105 St (A,S)",Q,2019,91139,99846
N186,"Beach 105 St (A,S)",Q,2020,40073,55866
N186,"Beach 105 St (A,S)",Q,2021,35836,63491
N186,"Beach 105 St (A,S)",Q,2022,40179,78151
N187,"Rockaway Park-Beach 116 St (A,S)",Q,2018,250319,294198
N187,"Rockaway Park-Beach 116 St (A,S)",Q,2019,240388,276669
N187,"Rockaway Park-Beach 116 St (A,S)",Q,2020,121766,166435
N187,"Rockaway Park-Beach 116 St (A,S)",Q,2021,115033,177079
N187,"Rockaway Park-Beach 116 St (A,S)",Q,2022,126679,215332
N191,Beach 67 St-Arverne By The Sea (A),Q,2018,682468,522792
N191,Beach 67 St-Arverne By The Sea (A),Q,2019,732036,554380
N191,Beach 67 St-Arverne By The Sea (A),Q,2020,381863,325560
N191,Beach 67 St-Arverne By The Sea (A),Q,2021,347203,352054
N191,Beach 67 St-Arverne By The Sea (A),Q,2022,331736,422425
N192,Beach 60 St (A),Q,2018,638918,493518
N192,Beach 60 St (A),Q,2019,633164,490533
N192,Beach 60 St (A),Q,2020,325456,279291
N192,Beach 60 St (A),Q,2021,295614,288134
N192,Beach 60 St (A),Q,2022,290880,358150
N193,Beach 44 St (A),Q,2018,224888,244190
N193,Beach 44 St (A),Q,2019,225312,258623
N193,Beach 44 St (A),Q,2020,119136,159746
N193,Beach 44 St (A),Q,2021,109048,164227
N193,Beach 44 St (A),Q,2022,112020,205975
N194,Beach 36 St (A),Q,2018,281177,305776
N194,Beach 36 St (A),Q,2019,299285,332544
N194,Beach 36 St (A),Q,2020,155258,193063
N194,Beach 36 St (A),Q,2021,148850,205365
N194,Beach 36 St (A),Q,2022,149528,248042
N195,Beach 25 St (A),Q,2018,556268,618600
N195,Beach 25 St (A),Q,2019,525605,609173
N195,Beach 25 St (A),Q,2020,268471,344066
N195,Beach 25 St (A),Q,2021,255836,372714
N195,Beach 25 St (A),Q,2022,262570,462074
N196,Far Rockaway-Mott Av (A),Q,2018,1389399,1457726
N196,Far Rockaway-Mott Av (A),Q,2019,1358995,1479141
N196,Far Rockaway-Mott Av (A),Q,2020,729882,907706
N196,Far Rockaway-Mott Av (A),Q,2021,686809,956608
N196,Far Rockaway-Mott Av (A),Q,2022,660613,1072800
N202,"155 St (B,D)",M,2018,1128400,602326
N202,"155 St (B,D)",M,2019,1134940,635601
N202,"155 St (B,D)",M,2020,549483,397603
N202,"155 St (B,D)",M,2021,544112,443738
N202,"155 St (B,D)",M,2022,531441,515817
N203,"161 St-Yankee Stadium (B,D,4)",BX,2018,7831621,4455448
N203,"161 St-Yankee Stadium (B,D,4)",BX,2019,7638602,4274124
N203,"161 St-Yankee Stadium (B,D,4)",BX,2020,2819213,1692097
N203,"161 St-Yankee Stadium (B,D,4)",BX,2021,3249889,2236049
N203,"161 St-Yankee Stadium (B,D,4)",BX,2022,3334639,2894345
N207,"167 St (B,D)",BX,2018,2040389,980661
N207,"167 St (B,D)",BX,2019,2388446,966089
N207,"167 St (B,D)",BX,2020,1070013,493015
N207,"167 St (B,D)",BX,2021,1005802,548804
N207,"167 St (B,D)",BX,2022,891106,591457
N209,"170 St (B,D)",BX,2018,2447313,1247459
N209,"170 St (B,D)",BX,2019,2128892,1237757
N209,"170 St (B,D)",BX,2020,981878,701129
N209,"170 St (B,D)",BX,2021,990557,791760
N209,"170 St (B,D)",BX,2022,893296,849275
N210,"174-175 Sts (B,D)",BX,2018,1009080,400861
N210,"174-175 Sts (B,D)",BX,2019,1515911,825799
N210,"174-175 Sts (B,D)",BX,2020,769663,583911
N210,"174-175 Sts (B,D)",BX,2021,766247,654259
N210,"174-175 Sts (B,D)",BX,2022,671405,592080
N213,"Tremont Av (B,D)",BX,2018,3258291,1999736
N213,"Tremont Av (B,D)",BX,2019,3056349,1894055
N213,"Tremont Av (B,D)",BX,2020,1412468,1130234
N213,"Tremont Av (B,D)",BX,2021,1370293,1448021
N213,"Tremont Av (B,D)",BX,2022,1154445,1508591
N215,"182-183 Sts (B,D)",BX,2018,1356637,495061
N215,"182-183 Sts (B,D)",BX,2019,980407,418797
N215,"182-183 Sts (B,D)",BX,2020,448331,297115
N215,"182-183 Sts (B,D)",BX,2021,411548,300240
N215,"182-183 Sts (B,D)",BX,2022,384743,334233
N217,"Fordham Rd (B,D)",BX,2018,3597698,1784182
N217,"Fordham Rd (B,D)",BX,2019,3688813,2076321
N217,"Fordham Rd (B,D)",BX,2020,1701308,1238033
N217,"Fordham Rd (B,D)",BX,2021,1653745,1368928
N217,"Fordham Rd (B,D)",BX,2022,1469320,1437175
N221,"Kingsbridge Rd (B,D)",BX,2018,2471949,1820938
N221,"Kingsbridge Rd (B,D)",BX,2019,2483036,2064057
N221,"Kingsbridge Rd (B,D)",BX,2020,1159884,1205013
N221,"Kingsbridge Rd (B,D)",BX,2021,1056852,1255506
N221,"Kingsbridge Rd (B,D)",BX,2022,931347,1296792
N222,"Bedford Park Blvd (B,D)",BX,2018,2161506,1308962
N222,"Bedford Park Blvd (B,D)",BX,2019,2197178,1337152
N222,"Bedford Park Blvd (B,D)",BX,2020,996201,688954
N222,"Bedford Park Blvd (B,D)",BX,2021,1038643,828520
N222,"Bedford Park Blvd (B,D)",BX,2022,970755,890081
N224,Norwood-205 St (D),BX,2018,2631183,1870357
N224,Norwood-205 St (D),BX,2019,2652485,1947640
N224,Norwood-205 St (D),BX,2020,1305905,1199654
N224,Norwood-205 St (D),BX,2021,1240208,1309116
N224,Norwood-205 St (D),BX,2022,1150712,1386952
N301,"7 Av (B,D,E)",M,2018,5338132,6065830
N301,"7 Av (B,D,E)",M,2019,5522315,6227539
N301,"7 Av (B,D,E)",M,2020,1501063,1912936
N301,"7 Av (B,D,E)",M,2021,1382741,2317387
N301,"7 Av (B,D,E)",M,2022,1898538,3732702
N303,"5 Av-53 St (E,M)",M,2018,7742391,8327776
N303,"5 Av-53 St (E,M)",M,2019,7611771,8372644
N303,"5 Av-53 St (E,M)",M,2020,2036724,2473421
N303,"5 Av-53 St (E,M)",M,2021,1822862,3004868
N303,"5 Av-53 St (E,M)",M,2022,2149331,4571649
N305,"Lexington Av-53 St (E,M)/51 St (6)",M,2018,17638800,18754198
N305,"Lexington Av-53 St (E,M)/51 St (6)",M,2019,17933458,19161932
N305,"Lexington Av-53 St (E,M)/51 St (6)",M,2020,5190126,6193849
N305,"Lexington Av-53 St (E,M)/51 St (6)",M,2021,4614832,7101604
N305,"Lexington Av-53 St (E,M)/51 St (6)",M,2022,5505333,10452012
N307,"Court Sq (E,G,M,7)",Q,2018,6932757,5791163
N307,"Court Sq (E,G,M,7)",Q,2019,6612097,5795628
N307,"Court Sq (E,G,M,7)",Q,2020,2226613,2183440
N307,"Court Sq (E,G,M,7)",Q,2021,2140088,2615650
N307,"Court Sq (E,G,M,7)",Q,2022,2586619,4122721
N309A,"Queens Plaza (E,M,R)",Q,2018,3954364,3450485
N309A,"Queens Plaza (E,M,R)",Q,2019,4387972,3956309
N309A,"Queens Plaza (E,M,R)",Q,2020,1424373,1532881
N309A,"Queens Plaza (E,M,R)",Q,2021,1312619,1897917
N309A,"Queens Plaza (E,M,R)",Q,2022,1573847,2805720
N312,"36 St (M,R)",Q,2018,1568509,1077316
N312,"36 St (M,R)",Q,2019,1427149,999573
N312,"36 St (M,R)",Q,2020,480648,406836
N312,"36 St (M,R)",Q,2021,449410,453464
N312,"36 St (M,R)",Q,2022,500824,535756
N315,"Steinway St (M,R)",Q,2018,5028597,3534686
N315,"Steinway St (M,R)",Q,2019,4664322,3526938
N315,"Steinway St (M,R)",Q,2020,1722929,1625464
N315,"Steinway St (M,R)",Q,2021,1746103,1977557
N315,"Steinway St (M,R)",Q,2022,1744538,2438100
N316,"46 St (M,R)",Q,2018,2715205,2291376
N316,"46 St (M,R)",Q,2019,2604010,2176644
N316,"46 St (M,R)",Q,2020,1028396,999625
N316,"46 St (M,R)",Q,2021,1058195,1307918
N316,"46 St (M,R)",Q,2022,1076445,1591533
N318,"Northern Blvd (M,R)",Q,2018,2124994,1741743
N318,"Northern Blvd (M,R)",Q,2019,2027289,1714661
N318,"Northern Blvd (M,R)",Q,2020,901758,853375
N318,"Northern Blvd (M,R)",Q,2021,959569,1054020
N318,"Northern Blvd (M,R)",Q,2022,969471,1256812
N322,"65 St (M,R)",Q,2018,1131430,802047
N322,"65 St (M,R)",Q,2019,1096234,803362
N322,"65 St (M,R)",Q,2020,460233,386374
N322,"65 St (M,R)",Q,2021,501915,489962
N322,"65 St (M,R)",Q,2022,507924,599181
N325A,"Elmhurst Av (M,R)",Q,2018,3743189,889747
N325A,"Elmhurst Av (M,R)",Q,2019,3120970,848210
N325A,"Elmhurst Av (M,R)",Q,2020,1338926,403651
N325A,"Elmhurst Av (M,R)",Q,2021,1495120,515636
N325A,"Elmhurst Av (M,R)",Q,2022,1514166,633761
N327,"Grand Av-Newtown (M,R)",Q,2018,4894122,3072398
N327,"Grand Av-Newtown (M,R)",Q,2019,4888264,3186304
N327,"Grand Av-Newtown (M,R)",Q,2020,2053171,1582497
N327,"Grand Av-Newtown (M,R)",Q,2021,2284061,2019228
N327,"Grand Av-Newtown (M,R)",Q,2022,2324109,2445718
N329,"Woodhaven Blvd (M,R)",Q,2018,6351208,3673642
N329,"Woodhaven Blvd (M,R)",Q,2019,6251518,3843917
N329,"Woodhaven Blvd (M,R)",Q,2020,2608644,2112670
N329,"Woodhaven Blvd (M,R)",Q,2021,2910934,2953176
N329,"Woodhaven Blvd (M,R)",Q,2022,2771722,3110103
N330B,"63 Dr-Rego Park (M,R)",Q,2018,4784862,1826221
N330B,"63 Dr-Rego Park (M,R)",Q,2019,4757484,1860506
N330B,"63 Dr-Rego Park (M,R)",Q,2020,1939927,879128
N330B,"63 Dr-Rego Park (M,R)",Q,2021,2066841,1106546
N330B,"63 Dr-Rego Park (M,R)",Q,2022,2103411,1288203
N331,"67 Av (M,R)",Q,2018,2610451,1259621
N331,"67 Av (M,R)",Q,2019,2651985,1325589
N331,"67 Av (M,R)",Q,2020,1017100,556072
N331,"67 Av (M,R)",Q,2021,1052417,642051
N331,"67 Av (M,R)",Q,2022,1142531,805700
N333A,"Forest Hills-71 Av (E,F,M,R)",Q,2018,8183029,4278956
N333A,"Forest Hills-71 Av (E,F,M,R)",Q,2019,8070652,4290220
N333A,"Forest Hills-71 Av (E,F,M,R)",Q,2020,3197226,1991276
N333A,"Forest Hills-71 Av (E,F,M,R)",Q,2021,3392625,2460240
N333A,"Forest Hills-71 Av (E,F,M,R)",Q,2022,3659614,3016931
N334B,"75 Av (E,F)",Q,2018,1006096,178183
N334B,"75 Av (E,F)",Q,2019,967681,176744
N334B,"75 Av (E,F)",Q,2020,349595,90250
N334B,"75 Av (E,F)",Q,2021,358825,123690
N334B,"75 Av (E,F)",Q,2022,385277,147798
N336,"Kew Gardens-Union Turnpike (E,F)",Q,2018,7679747,7533701
N336,"Kew Gardens-Union Turnpike (E,F)",Q,2019,7585493,7497918
N336,"Kew Gardens-Union Turnpike (E,F)",Q,2020,3092242,3284563
N336,"Kew Gardens-Union Turnpike (E,F)",Q,2021,3320144,3939280
N336,"Kew Gardens-Union Turnpike (E,F)",Q,2022,3477645,4871023
N337,"Briarwood-Van Wyck Blvd (E,F)",Q,2018,1476603,769671
N337,"Briarwood-Van Wyck Blvd (E,F)",Q,2019,1511482,791117
N337,"Briarwood-Van Wyck Blvd (E,F)",Q,2020,625292,371628
N337,"Briarwood-Van Wyck Blvd (E,F)",Q,2021,673639,449213
N337,"Briarwood-Van Wyck Blvd (E,F)",Q,2022,746470,491879
N338B,Sutphin Blvd (F),Q,2018,1323467,854604
N338B,Sutphin Blvd (F),Q,2019,1361057,974710
N338B,Sutphin Blvd (F),Q,2020,709590,605451
N338B,Sutphin Blvd (F),Q,2021,659269,591016
N338B,Sutphin Blvd (F),Q,2022,667871,767590
N339A,Parsons Blvd (F),Q,2018,2015343,1829647
N339A,Parsons Blvd (F),Q,2019,2090472,2136748
N339A,Parsons Blvd (F),Q,2020,1108913,1131945
N339A,Parsons Blvd (F),Q,2021,1067534,1209961
N339A,Parsons Blvd (F),Q,2022,1109363,1462751
N340A,169 St (F),Q,2018,2512514,2203188
N340A,169 St (F),Q,2019,2474896,2255531
N340A,169 St (F),Q,2020,1062902,1171540
N340A,169 St (F),Q,2021,1134335,1320606
N340A,169 St (F),Q,2022,1200878,1594393
N343,Jamaica-179 St (F),Q,2018,6319284,2617180
N343,Jamaica-179 St (F),Q,2019,6260853,2589236
N343,Jamaica-179 St (F),Q,2020,2765133,1350946
N343,Jamaica-179 St (F),Q,2021,2886427,1499154
N343,Jamaica-179 St (F),Q,2022,3074081,1803488
N401,21 St (G),Q,2018,553997,586721
N401,21 St (G),Q,2019,538853,590698
N401,21 St (G),Q,2020,236752,285009
N401,21 St (G),Q,2021,247732,401787
N401,21 St (G),Q,2022,223099,466872
N405,Greenpoint Av (G),BK,2018,2860969,2073061
N405,Greenpoint Av (G),BK,2019,3073760,2450987
N405,Greenpoint Av (G),BK,2020,1294640,1208709
N405,Greenpoint Av (G),BK,2021,1279990,1460722
N405,Greenpoint Av (G),BK,2022,1146115,1653957
N408A,Nassau Av (G),BK,2018,2879525,1607088
N408A,Nassau Av (G),BK,2019,3120086,3153894
N408A,Nassau Av (G),BK,2020,1182197,1377159
N408A,Nassau Av (G),BK,2021,1138694,1863779
N408A,Nassau Av (G),BK,2022,1058168,2418746
N412,Broadway (G),BK,2018,1411699,1131482
N412,Broadway (G),BK,2019,1513785,1250472
N412,Broadway (G),BK,2020,738026,651486
N412,Broadway (G),BK,2021,727429,808458
N412,Broadway (G),BK,2022,673315,913285
N414,Flushing Av (G),BK,2018,877492,900267
N414,Flushing Av (G),BK,2019,733752,792010
N414,Flushing Av (G),BK,2020,404150,498210
N414,Flushing Av (G),BK,2021,480031,682610
N414,Flushing Av (G),BK,2022,469839,763781
N415,Myrtle-Willoughby Avs (G),BK,2018,1775926,954920
N415,Myrtle-Willoughby Avs (G),BK,2019,1823067,998309
N415,Myrtle-Willoughby Avs (G),BK,2020,792725,502713
N415,Myrtle-Willoughby Avs (G),BK,2021,746596,647366
N415,Myrtle-Willoughby Avs (G),BK,2022,700123,774299
N417,Bedford-Nostrand Avs (G),BK,2018,2784324,1584781
N417,Bedford-Nostrand Avs (G),BK,2019,2795070,1636108
N417,Bedford-Nostrand Avs (G),BK,2020,1065705,770455
N417,Bedford-Nostrand Avs (G),BK,2021,1047758,1064660
N417,Bedford-Nostrand Avs (G),BK,2022,955124,1310569
N419,Classon Av (G),BK,2018,1661478,1590258
N419,Classon Av (G),BK,2019,1727683,1689810
N419,Classon Av (G),BK,2020,670527,742254
N419,Classon Av (G),BK,2021,668078,995876
N419,Classon Av (G),BK,2022,645822,1299777
N420B,Clinton-Washington Avs (G),BK,2018,1536970,209267
N420B,Clinton-Washington Avs (G),BK,2019,1608789,710763
N420B,Clinton-Washington Avs (G),BK,2020,576655,366856
N420B,Clinton-Washington Avs (G),BK,2021,590665,502912
N420B,Clinton-Washington Avs (G),BK,2022,585867,672675
N422,Fulton St (G),BK,2018,1759409,1473445
N422,Fulton St (G),BK,2019,1778191,1377273
N422,Fulton St (G),BK,2020,748905,749139
N422,Fulton St (G),BK,2021,759535,1027285
N422,Fulton St (G),BK,2022,823278,1278614
N500,"47-50 Sts-Rockefeller Center (B,D,F,M)",M,2018,17063211,17479724
N500,"47-50 Sts-Rockefeller Center (B,D,F,M)",M,2019,18270636,18764038
N500,"47-50 Sts-Rockefeller Center (B,D,F,M)",M,2020,5422055,6200894
N500,"47-50 Sts-Rockefeller Center (B,D,F,M)",M,2021,4876695,7099790
N500,"47-50 Sts-Rockefeller Center (B,D,F,M)",M,2022,6194853,10835710
N508,"23 St (F,M)",M,2018,4547900,3844738
N508,"23 St (F,M)",M,2019,7663018,6787149
N508,"23 St (F,M)",M,2020,2726251,2790745
N508,"23 St (F,M)",M,2021,2335472,3350262
N508,"23 St (F,M)",M,2022,2646097,4694156
N512,"14 St (F,M,1,2,3)/6 Av (L)",M,2018,13352043,11130023
N512,"14 St (F,M,1,2,3)/6 Av (L)",M,2019,13105035,10873552
N512,"14 St (F,M,1,2,3)/6 Av (L)",M,2020,4206614,4170180
N512,"14 St (F,M,1,2,3)/6 Av (L)",M,2021,4152486,5424338
N512,"14 St (F,M,1,2,3)/6 Av (L)",M,2022,4470291,7560302
N520,"Grand St (B,D)",M,2018,6114029,4553061
N520,"Grand St (B,D)",M,2019,6765523,5053445
N520,"Grand St (B,D)",M,2020,2539442,2356032
N520,"Grand St (B,D)",M,2021,3138715,3684370
N520,"Grand St (B,D)",M,2022,3542002,4939040
N523,2 Av (F),M,2018,4933314,4880588
N523,2 Av (F),M,2019,5436136,5404997
N523,2 Av (F),M,2020,1813888,2080313
N523,2 Av (F),M,2021,1807091,2955710
N523,2 Av (F),M,2022,1893831,4050755
N525,"Delancey St (F)/Essex St (J,M,Z)",M,2018,7900425,5936149
N525,"Delancey St (F)/Essex St (J,M,Z)",M,2019,8770396,6856749
N525,"Delancey St (F)/Essex St (J,M,Z)",M,2020,3325062,3075138
N525,"Delancey St (F)/Essex St (J,M,Z)",M,2021,3283463,4173607
N525,"Delancey St (F)/Essex St (J,M,Z)",M,2022,3368844,5534371
N529,East Broadway (F),M,2018,4196459,2030048
N529,East Broadway (F),M,2019,4440211,2342480
N529,East Broadway (F),M,2020,1611899,1095288
N529,East Broadway (F),M,2021,1654694,1573461
N529,East Broadway (F),M,2022,1856400,2067589
N530,York St (F),BK,2018,3112872,1308090
N530,York St (F),BK,2019,3696590,1837662
N530,York St (F),BK,2020,1224359,859811
N530,York St (F),BK,2021,1145634,1378907
N530,York St (F),BK,2022,1410213,1795788
N532,"Bergen St (F,G)",BK,2018,3482053,2124003
N532,"Bergen St (F,G)",BK,2019,3553064,2162466
N532,"Bergen St (F,G)",BK,2020,1230482,1113521
N532,"Bergen St (F,G)",BK,2021,1211691,1610300
N532,"Bergen St (F,G)",BK,2022,1282647,2211852
N535,"Carroll St (F,G)",BK,2018,3487305,1536428
N535,"Carroll St (F,G)",BK,2019,3599655,1627166
N535,"Carroll St (F,G)",BK,2020,1228867,709471
N535,"Carroll St (F,G)",BK,2021,1182051,986670
N535,"Carroll St (F,G)",BK,2022,1212709,1241883
N536,"Smith-9 Sts (F,G)",BK,2018,1475989,1752436
N536,"Smith-9 Sts (F,G)",BK,2019,1440924,1783085
N536,"Smith-9 Sts (F,G)",BK,2020,613253,899607
N536,"Smith-9 Sts (F,G)",BK,2021,593425,1054093
N536,"Smith-9 Sts (F,G)",BK,2022,584205,1305914
N539A,"7 Av (F,G)",BK,2018,3331796,1628458
N539A,"7 Av (F,G)",BK,2019,3675882,1871864
N539A,"7 Av (F,G)",BK,2020,1318617,795841
N539A,"7 Av (F,G)",BK,2021,1365102,1096436
N539A,"7 Av (F,G)",BK,2022,1448963,1446179
N542,"15 St-Prospect Park (F,G)",BK,2018,1868932,1117137
N542,"15 St-Prospect Park (F,G)",BK,2019,1966292,1202508
N542,"15 St-Prospect Park (F,G)",BK,2020,682405,459112
N542,"15 St-Prospect Park (F,G)",BK,2021,690479,619403
N542,"15 St-Prospect Park (F,G)",BK,2022,734150,816549
N543,"Fort Hamilton Pkwy (F,G)",BK,2018,1769375,639681
N543,"Fort Hamilton Pkwy (F,G)",BK,2019,1796339,629599
N543,"Fort Hamilton Pkwy (F,G)",BK,2020,631438,253221
N543,"Fort Hamilton Pkwy (F,G)",BK,2021,691878,311284
N543,"Fort Hamilton Pkwy (F,G)",BK,2022,760983,408480
N546,"Church Av (F,G)",BK,2018,3159881,2044603
N546,"Church Av (F,G)",BK,2019,3105785,2163920
N546,"Church Av (F,G)",BK,2020,1436450,1111145
N546,"Church Av (F,G)",BK,2021,1483976,1288143
N546,"Church Av (F,G)",BK,2022,1489924,1527825
N548,Ditmas Av (F),BK,2018,1152867,636557
N548,Ditmas Av (F),BK,2019,1175893,660762
N548,Ditmas Av (F),BK,2020,539991,337671
N548,Ditmas Av (F),BK,2021,551999,395353
N548,Ditmas Av (F),BK,2022,579278,478985
N549,18 Av (F),BK,2018,1171463,494435
N549,18 Av (F),BK,2019,1116465,815826
N549,18 Av (F),BK,2020,508775,430821
N549,18 Av (F),BK,2021,512702,492432
N549,18 Av (F),BK,2022,525409,597875
N551,Avenue I (F),BK,2018,244112,112636
N551,Avenue I (F),BK,2019,392413,195864
N551,Avenue I (F),BK,2020,175928,96382
N551,Avenue I (F),BK,2021,172693,106540
N551,Avenue I (F),BK,2022,185262,133045
N553,Bay Pkwy (F),BK,2018,191760,64304
N553,Bay Pkwy (F),BK,2019,365338,122249
N553,Bay Pkwy (F),BK,2020,172003,68055
N553,Bay Pkwy (F),BK,2021,176797,77659
N553,Bay Pkwy (F),BK,2022,196917,102344
N555,Avenue N (F),BK,2018,618572,142727
N555,Avenue N (F),BK,2019,882515,331598
N555,Avenue N (F),BK,2020,400243,161802
N555,Avenue N (F),BK,2021,390426,184629
N555,Avenue N (F),BK,2022,405519,223701
N556,Avenue P (F),BK,2018,512490,140548
N556,Avenue P (F),BK,2019,744388,305401
N556,Avenue P (F),BK,2020,338300,169404
N556,Avenue P (F),BK,2021,326785,185818
N556,Avenue P (F),BK,2022,352248,231395
N557,Kings Hwy (F),BK,2018,1374866,1162758
N557,Kings Hwy (F),BK,2019,1129934,1074896
N557,Kings Hwy (F),BK,2020,498018,491049
N557,Kings Hwy (F),BK,2021,466383,524023
N557,Kings Hwy (F),BK,2022,494199,660424
N559,Avenue U (F),BK,2018,315073,171549
N559,Avenue U (F),BK,2019,550214,225676
N559,Avenue U (F),BK,2020,249674,103637
N559,Avenue U (F),BK,2021,242378,106798
N559,Avenue U (F),BK,2022,264083,140127
N561,Avenue X (F),BK,2018,819259,559334
N561,Avenue X (F),BK,2019,804489,469284
N561,Avenue X (F),BK,2020,364480,219195
N561,Avenue X (F),BK,2021,348382,231260
N561,Avenue X (F),BK,2022,384495,401674
N562,Neptune Av (F),BK,2018,440097,156744
N562,Neptune Av (F),BK,2019,435348,166726
N562,Neptune Av (F),BK,2020,190338,93079
N562,Neptune Av (F),BK,2021,201523,108629
N562,Neptune Av (F),BK,2022,234264,143927
N600,57 St (F),M,2018,1935321,1759824
N600,57 St (F),M,2019,4506750,4507459
N600,57 St (F),M,2020,1467314,1593901
N600,57 St (F),M,2021,1374103,1959450
N600,57 St (F),M,2022,1797951,3232966
N601,"Lexington Av-63 St (F,Q)",M,2018,5862014,6057330
N601,"Lexington Av-63 St (F,Q)",M,2019,5952994,6022686
N601,"Lexington Av-63 St (F,Q)",M,2020,2198108,2438497
N601,"Lexington Av-63 St (F,Q)",M,2021,2213102,3092203
N601,"Lexington Av-63 St (F,Q)",M,2022,2338998,3997455
N602,Roosevelt Island (F),M,2018,2242237,2003262
N602,Roosevelt Island (F),M,2019,2328293,2199202
N602,Roosevelt Island (F),M,2020,878005,871832
N602,Roosevelt Island (F),M,2021,1047410,1249418
N602,Roosevelt Island (F),M,2022,1237611,1799717
N603,21 St-Queensbridge (F),Q,2018,3268968,2161006
N603,21 St-Queensbridge (F),Q,2019,3413919,2315955
N603,21 St-Queensbridge (F),Q,2020,1362057,1235112
N603,21 St-Queensbridge (F),Q,2021,1379328,1524597
N603,21 St-Queensbridge (F),Q,2022,1701665,2196367
N604,Jamaica-Van Wyck (E),Q,2018,1496770,1649876
N604,Jamaica-Van Wyck (E),Q,2019,1415478,1628910
N604,Jamaica-Van Wyck (E),Q,2020,796041,906503
N604,Jamaica-Van Wyck (E),Q,2021,710983,1003737
N604,Jamaica-Van Wyck (E),Q,2022,716999,1486654
N605,"Sutphin Blvd-Archer Av-JFK Airport (E,J,Z)",Q,2018,7310481,6087404
N605,"Sutphin Blvd-Archer Av-JFK Airport (E,J,Z)",Q,2019,7371208,6372254
N605,"Sutphin Blvd-Archer Av-JFK Airport (E,J,Z)",Q,2020,2927987,3126345
N605,"Sutphin Blvd-Archer Av-JFK Airport (E,J,Z)",Q,2021,3501494,3989931
N605,"Sutphin Blvd-Archer Av-JFK Airport (E,J,Z)",Q,2022,3785856,4720283
N606,"Jamaica Center-Parsons-Archer (E,J,Z)",Q,2018,13645850,10592389
N606,"Jamaica Center-Parsons-Archer (E,J,Z)",Q,2019,13630340,10353927
N606,"Jamaica Center-Parsons-Archer (E,J,Z)",Q,2020,5342242,4789681
N606,"Jamaica Center-Parsons-Archer (E,J,Z)",Q,2021,5676993,6353012
N606,"Jamaica Center-Parsons-Archer (E,J,Z)",Q,2022,7136348,7678251
N700,72 St (Q),M,2018,10973192,9844625
N700,72 St (Q),M,2019,10886842,10269281
N700,72 St (Q),M,2020,4014065,4488811
N700,72 St (Q),M,2021,4265631,5964466
N700,72 St (Q),M,2022,4585099,7868579
N701,86 St (Q),M,2018,7800906,5231247
N701,86 St (Q),M,2019,8035932,5538889
N701,86 St (Q),M,2020,2803678,2213473
N701,86 St (Q),M,2021,2753763,3017887
N701,86 St (Q),M,2022,2724866,3712714
N702,96 St (Q),M,2018,6018874,4276075
N702,96 St (Q),M,2019,6138372,4480151
N702,96 St (Q),M,2020,2300856,1922782
N702,96 St (Q),M,2021,2288280,2399052
N702,96 St (Q),M,2022,2282107,2978424
R101,"South Ferry (1)/Whitehall St (R,W)",M,2018,10434568,8881499
R101,"South Ferry (1)/Whitehall St (R,W)",M,2019,10419703,8823604
R101,"South Ferry (1)/Whitehall St (R,W)",M,2020,3024466,2922232
R101,"South Ferry (1)/Whitehall St (R,W)",M,2021,3027456,3413293
R101,"South Ferry (1)/Whitehall St (R,W)",M,2022,3788022,5316282
R103,Rector St (1),M,2018,2819466,1794694
R103,Rector St (1),M,2019,2617765,1664577
R103,Rector St (1),M,2020,673770,526473
R103,Rector St (1),M,2021,672519,659440
R103,Rector St (1),M,2022,877237,958919
R106,WTC Cortlandt (1),M,2018,1117689,849598
R106,WTC Cortlandt (1),M,2019,4230548,3431721
R106,WTC Cortlandt (1),M,2020,1069971,1063664
R106,WTC Cortlandt (1),M,2021,1060316,1315528
R106,WTC Cortlandt (1),M,2022,1595602,2476726
R111,"Wall St (2,3)",M,2018,6517897,6209175
R111,"Wall St (2,3)",M,2019,6967521,6657803
R111,"Wall St (2,3)",M,2020,1989278,2085684
R111,"Wall St (2,3)",M,2021,1499836,2247554
R111,"Wall St (2,3)",M,2022,1830825,3286670
R116,"Chambers St (1,2,3)",M,2018,6081823,5584283
R116,"Chambers St (1,2,3)",M,2019,5906908,5338730
R116,"Chambers St (1,2,3)",M,2020,1691719,1728123
R116,"Chambers St (1,2,3)",M,2021,1547940,2106668
R116,"Chambers St (1,2,3)",M,2022,2133892,3393479
R117,Franklin St (1),M,2018,1775683,1060038
R117,Franklin St (1),M,2019,1578603,1006598
R117,Franklin St (1),M,2020,473469,327935
R117,Franklin St (1),M,2021,462612,439603
R117,Franklin St (1),M,2022,633772,697806
R119,Canal St (1),M,2018,1891268,1748326
R119,Canal St (1),M,2019,1973679,1826765
R119,Canal St (1),M,2020,526891,581771
R119,Canal St (1),M,2021,472846,752432
R119,Canal St (1),M,2022,576039,1138342
R123,Houston St (1),M,2018,4488723,2950569
R123,Houston St (1),M,2019,4474298,3004013
R123,Houston St (1),M,2020,1292515,989768
R123,Houston St (1),M,2021,1130128,1280185
R123,Houston St (1),M,2022,1341198,1914939
R125,Christopher St-Sheridan Sq (1),M,2018,3240273,2702907
R125,Christopher St-Sheridan Sq (1),M,2019,3357850,2814105
R125,Christopher St-Sheridan Sq (1),M,2020,983742,1049604
R125,Christopher St-Sheridan Sq (1),M,2021,1113496,1590634
R125,Christopher St-Sheridan Sq (1),M,2022,1306931,2285830
R129,18 St (1),M,2018,2681375,1658611
R129,18 St (1),M,2019,2641759,1643971
R129,18 St (1),M,2020,748555,579113
R129,18 St (1),M,2021,719736,776447
R129,18 St (1),M,2022,873864,1175390
R131,23 St (1),M,2018,4690065,3766747
R131,23 St (1),M,2019,4495220,3728934
R131,23 St (1),M,2020,1472725,1450953
R131,23 St (1),M,2021,1432280,1854936
R131,23 St (1),M,2022,1677414,2617890
R133,28 St (1),M,2018,4394842,2871066
R133,28 St (1),M,2019,4481450,3004147
R133,28 St (1),M,2020,1294387,1101914
R133,28 St (1),M,2021,1236636,1492161
R133,28 St (1),M,2022,1584338,2268614
R135,"34 St-Penn Station (1,2,3)",M,2018,25275337,21147262
R135,"34 St-Penn Station (1,2,3)",M,2019,25080531,23184976
R135,"34 St-Penn Station (1,2,3)",M,2020,7636160,8397154
R135,"34 St-Penn Station (1,2,3)",M,2021,7389410,10051121
R135,"34 St-Penn Station (1,2,3)",M,2022,8660392,14627970
R154,50 St (1),M,2018,8040071,7386251
R154,50 St (1),M,2019,8035447,7614283
R154,50 St (1),M,2020,2071774,2292953
R154,50 St (1),M,2021,1876166,2820096
R154,50 St (1),M,2022,2958420,5437034
R160,66 St-Lincoln Center (1),M,2018,7145409,6373821
R160,66 St-Lincoln Center (1),M,2019,7023205,6537621
R160,66 St-Lincoln Center (1),M,2020,2022920,2270218
R160,66 St-Lincoln Center (1),M,2021,1939890,2841644
R160,66 St-Lincoln Center (1),M,2022,2529956,4371651
R161B,"72 St (1,2,3)",M,2018,8843514,7780457
R161B,"72 St (1,2,3)",M,2019,9271783,8239131
R161B,"72 St (1,2,3)",M,2020,3632803,3441487
R161B,"72 St (1,2,3)",M,2021,3664892,4498299
R161B,"72 St (1,2,3)",M,2022,3532649,5401412
R162,79 St (1),M,2018,4985750,2624653
R162,79 St (1),M,2019,4730675,2243692
R162,79 St (1),M,2020,1579221,1028855
R162,79 St (1),M,2021,1789137,1450112
R162,79 St (1),M,2022,1970128,2473539
R164,86 St (1),M,2018,6067692,5828295
R164,86 St (1),M,2019,5610249,5500926
R164,86 St (1),M,2020,1969320,2277794
R164,86 St (1),M,2021,2187688,3109941
R164,86 St (1),M,2022,2339743,4116740
R168,"96 St (1,2,3)",M,2018,11401180,11347550
R168,"96 St (1,2,3)",M,2019,11275097,11400891
R168,"96 St (1,2,3)",M,2020,4090812,4809397
R168,"96 St (1,2,3)",M,2021,4414665,6169431
R168,"96 St (1,2,3)",M,2022,4575637,7868980
R170,103 St (1),M,2018,4057744,2008294
R170,103 St (1),M,2019,3745458,1903093
R170,103 St (1),M,2020,1395128,934504
R170,103 St (1),M,2021,1544160,1211549
R170,103 St (1),M,2022,1698682,1596657
R172,Cathedral Pkwy-110 St (1),M,2018,4000689,2079940
R172,Cathedral Pkwy-110 St (1),M,2019,3664988,1940429
R172,Cathedral Pkwy-110 St (1),M,2020,1331801,1020444
R172,Cathedral Pkwy-110 St (1),M,2021,1447871,1401231
R172,Cathedral Pkwy-110 St (1),M,2022,1534366,1777251
R173,116 St-Columbia University (1),M,2018,4413516,2308154
R173,116 St-Columbia University (1),M,2019,4323556,2213101
R173,116 St-Columbia University (1),M,2020,1203112,798815
R173,116 St-Columbia University (1),M,2021,1208908,1153830
R173,116 St-Columbia University (1),M,2022,1409300,1739230
R174,125 St (1),M,2018,2465069,2501106
R174,125 St (1),M,2019,2370163,2476022
R174,125 St (1),M,2020,914561,1132445
R174,125 St (1),M,2021,960909,1387852
R174,125 St (1),M,2022,1061025,2011862
R176,137 St-City College (1),M,2018,4272133,3734672
R176,137 St-City College (1),M,2019,3892231,3495052
R176,137 St-City College (1),M,2020,1660203,1901526
R176,137 St-City College (1),M,2021,1678972,2136021
R176,137 St-City College (1),M,2022,1788187,2744415
R178,145 St (1),M,2018,3051773,2369857
R178,145 St (1),M,2019,2937773,2452367
R178,145 St (1),M,2020,1201388,1280329
R178,145 St (1),M,2021,1342340,1607138
R178,145 St (1),M,2022,1457350,2100918
R180,157 St (1),M,2018,3458713,2353744
R180,157 St (1),M,2019,3694814,2642165
R180,157 St (1),M,2020,1355507,1175334
R180,157 St (1),M,2021,1496908,1441120
R180,157 St (1),M,2022,1621407,1830724
R182,"168 St (A,C,1)",M,2018,8085746,5558243
R182,"168 St (A,C,1)",M,2019,6179558,2640812
R182,"168 St (A,C,1)",M,2020,3074446,2446170
R182,"168 St (A,C,1)",M,2021,3337509,3468584
R182,"168 St (A,C,1)",M,2022,3122470,3981149
R183,181 St (1),M,2018,3554674,3727670
R183,181 St (1),M,2019,3472310,3600333
R183,181 St (1),M,2020,1620079,2030781
R183,181 St (1),M,2021,95122,157650
R183,181 St (1),M,2022,1482404,2587301
R185,191 St (1),M,2018,2502128,2794528
R185,191 St (1),M,2019,2310851,2605726
R185,191 St (1),M,2020,433188,561867
R185,191 St (1),M,2021,1257425,1987823
R185,191 St (1),M,2022,1171634,2129424
R186,Dyckman St (1),M,2018,2263707,1292672
R186,Dyckman St (1),M,2019,2078207,1239241
R186,Dyckman St (1),M,2020,1015449,687803
R186,Dyckman St (1),M,2021,1036088,804744
R186,Dyckman St (1),M,2022,1156188,1095226
R188,207 St (1),M,2018,2056152,986698
R188,207 St (1),M,2019,1894933,972023
R188,207 St (1),M,2020,893132,545084
R188,207 St (1),M,2021,940003,583996
R188,207 St (1),M,2022,1070103,720972
R190,215 St (1),M,2018,575766,309658
R190,215 St (1),M,2019,554226,234296
R190,215 St (1),M,2020,222505,121407
R190,215 St (1),M,2021,249202,133845
R190,215 St (1),M,2022,315818,158613
R192,Marble Hill-225 St (1),M,2018,1693635,412363
R192,Marble Hill-225 St (1),M,2019,1568283,366061
R192,Marble Hill-225 St (1),M,2020,720583,180697
R192,Marble Hill-225 St (1),M,2021,732376,200802
R192,Marble Hill-225 St (1),M,2022,786599,287278
R194,231 St (1),BX,2018,3113885,441021
R194,231 St (1),BX,2019,2918992,437653
R194,231 St (1),BX,2020,1238905,198190
R194,231 St (1),BX,2021,1309901,228683
R194,231 St (1),BX,2022,1395901,318919
R196,238 St (1),BX,2018,968761,73099
R196,238 St (1),BX,2019,1216213,140537
R196,238 St (1),BX,2020,564769,67488
R196,238 St (1),BX,2021,583638,87029
R196,238 St (1),BX,2022,626810,113031
R197,Van Cortlandt Park-242 St (1),BX,2018,2376228,995892
R197,Van Cortlandt Park-242 St (1),BX,2019,2232343,964047
R197,Van Cortlandt Park-242 St (1),BX,2020,993303,508168
R197,Van Cortlandt Park-242 St (1),BX,2021,1079797,613827
R197,Van Cortlandt Park-242 St (1),BX,2022,1142784,765858
R201,"Bowling Green (4,5)",M,2018,8737983,7616275
R201,"Bowling Green (4,5)",M,2019,8626393,7819480
R201,"Bowling Green (4,5)",M,2020,2526676,2697639
R201,"Bowling Green (4,5)",M,2021,2390835,3199803
R201,"Bowling Green (4,5)",M,2022,3123143,4704808
R203,"Wall St (4,5)",M,2018,5662517,4205919
R203,"Wall St (4,5)",M,2019,5585607,4209468
R203,"Wall St (4,5)",M,2020,1576089,1250754
R203,"Wall St (4,5)",M,2021,1362651,1271396
R203,"Wall St (4,5)",M,2022,1561604,1779885
R215,Spring St (6),M,2018,3534112,3731951
R215,Spring St (6),M,2019,3500475,3802413
R215,Spring St (6),M,2020,1007521,1312202
R215,Spring St (6),M,2021,1106721,2063078
R215,Spring St (6),M,2022,1275129,2919523
R217,"Broadway-Lafayette St (B,D,F,M)/Bleecker St (6)",M,2018,11320314,10417620
R217,"Broadway-Lafayette St (B,D,F,M)/Bleecker St (6)",M,2019,12065359,11302688
R217,"Broadway-Lafayette St (B,D,F,M)/Bleecker St (6)",M,2020,3735783,4052036
R217,"Broadway-Lafayette St (B,D,F,M)/Bleecker St (6)",M,2021,3616815,5450208
R217,"Broadway-Lafayette St (B,D,F,M)/Bleecker St (6)",M,2022,3967935,7828398
R219,Astor Place (6),M,2018,5061736,5199291
R219,Astor Place (6),M,2019,5312586,5648379
R219,Astor Place (6),M,2020,1537047,1945898
R219,Astor Place (6),M,2021,1456213,2544861
R219,Astor Place (6),M,2022,1653648,3688382
R226,23 St (6),M,2018,8299335,6628285
R226,23 St (6),M,2019,8357558,6803696
R226,23 St (6),M,2020,2501887,2381071
R226,23 St (6),M,2021,2273475,2955375
R226,23 St (6),M,2022,2804965,4578703
R228,28 St (6),M,2018,3522959,3362388
R228,28 St (6),M,2019,5640330,5385113
R228,28 St (6),M,2020,2072226,2331384
R228,28 St (6),M,2021,1944919,2879787
R228,28 St (6),M,2022,2099984,3935730
R231,33 St (6),M,2018,9449526,7050848
R231,33 St (6),M,2019,8364882,6695295
R231,33 St (6),M,2020,2778241,2604689
R231,33 St (6),M,2021,2747130,3360756
R231,33 St (6),M,2022,2694425,4258033
R238,"Grand Central-42 St (S,4,5,6,7)",M,2018,42980599,38665076
R238,"Grand Central-42 St (S,4,5,6,7)",M,2019,42114144,38177156
R238,"Grand Central-42 St (S,4,5,6,7)",M,2020,11802846,12879172
R238,"Grand Central-42 St (S,4,5,6,7)",M,2021,10722509,15617136
R238,"Grand Central-42 St (S,4,5,6,7)",M,2022,13740269,24337632
R246,68 St-Hunter College (6),M,2018,6501146,5317594
R246,68 St-Hunter College (6),M,2019,6658046,5691032
R246,68 St-Hunter College (6),M,2020,2409630,2514456
R246,68 St-Hunter College (6),M,2021,2442146,3140077
R246,68 St-Hunter College (6),M,2022,2768185,4180246
R247,77 St (6),M,2018,7564182,7397866
R247,77 St (6),M,2019,7749756,7562157
R247,77 St (6),M,2020,3021354,3483275
R247,77 St (6),M,2021,3339675,4551820
R247,77 St (6),M,2022,3406674,5766628
R249,"86 St (4,5,6)",M,2018,12693563,12220017
R249,"86 St (4,5,6)",M,2019,12309199,12298550
R249,"86 St (4,5,6)",M,2020,4717326,5343475
R249,"86 St (4,5,6)",M,2021,5205806,7344310
R249,"86 St (4,5,6)",M,2022,5466963,9445060
R251,96 St (6),M,2018,5060836,1608521
R251,96 St (6),M,2019,5065752,1758014
R251,96 St (6),M,2020,2125163,1057699
R251,96 St (6),M,2021,2218220,1405894
R251,96 St (6),M,2022,2247065,1686617
R252,103 St (6),M,2018,4013848,3608114
R252,103 St (6),M,2019,3986827,3649733
R252,103 St (6),M,2020,1781537,2021579
R252,103 St (6),M,2021,1836429,2395745
R252,103 St (6),M,2022,1819396,2963451
R254,110 St (6),M,2018,3394163,2818116
R254,110 St (6),M,2019,3306159,3012258
R254,110 St (6),M,2020,1408651,1665200
R254,110 St (6),M,2021,1493027,2000468
R254,110 St (6),M,2022,1508242,2394785
R256,116 St (6),M,2018,4601754,2771571
R256,116 St (6),M,2019,4513873,2742118
R256,116 St (6),M,2020,1973059,1732369
R256,116 St (6),M,2021,2035781,2075797
R256,116 St (6),M,2022,2063835,2326387
R258,"125 St (4,5,6)",M,2018,7981474,7275004
R258,"125 St (4,5,6)",M,2019,8195588,7518005
R258,"125 St (4,5,6)",M,2020,3528720,4155726
R258,"125 St (4,5,6)",M,2021,3399092,4843127
R258,"125 St (4,5,6)",M,2022,3420639,5695286
R259,"138 St-Grand Concourse (4,5)",BX,2018,960343,867739
R259,"138 St-Grand Concourse (4,5)",BX,2019,1046905,915233
R259,"138 St-Grand Concourse (4,5)",BX,2020,359259,373521
R259,"138 St-Grand Concourse (4,5)",BX,2021,567356,719540
R259,"138 St-Grand Concourse (4,5)",BX,2022,559349,846744
R261,"149 St-Grand Concourse (2,4,5)",BX,2018,3866135,2652119
R261,"149 St-Grand Concourse (2,4,5)",BX,2019,3848561,2473955
R261,"149 St-Grand Concourse (2,4,5)",BX,2020,1762397,1469669
R261,"149 St-Grand Concourse (2,4,5)",BX,2021,1650132,1714624
R261,"149 St-Grand Concourse (2,4,5)",BX,2022,1606682,2043221
R283,167 St (4),BX,2018,2862607,2914696
R283,167 St (4),BX,2019,2610512,2764711
R283,167 St (4),BX,2020,1348610,1669135
R283,167 St (4),BX,2021,1493630,1958588
R283,167 St (4),BX,2022,1490269,2369507
R284,170 St (4),BX,2018,2566356,2076550
R284,170 St (4),BX,2019,2484466,1919366
R284,170 St (4),BX,2020,1225336,1169491
R284,170 St (4),BX,2021,1188151,1552034
R284,170 St (4),BX,2022,1233317,1673593
R285,Mt Eden Av (4),BX,2018,1657073,1206294
R285,Mt Eden Av (4),BX,2019,1538520,1027559
R285,Mt Eden Av (4),BX,2020,792999,665081
R285,Mt Eden Av (4),BX,2021,820501,769756
R285,Mt Eden Av (4),BX,2022,789242,882135
R286,176 St (4),BX,2018,1811515,1011154
R286,176 St (4),BX,2019,1714883,1009532
R286,176 St (4),BX,2020,820444,669423
R286,176 St (4),BX,2021,853177,831210
R286,176 St (4),BX,2022,850174,942658
R287,Burnside Av (4),BX,2018,3190407,1813464
R287,Burnside Av (4),BX,2019,3126248,1807533
R287,Burnside Av (4),BX,2020,1434723,986780
R287,Burnside Av (4),BX,2021,1489902,1196822
R287,Burnside Av (4),BX,2022,1494926,1424406
R288,183 St (4),BX,2018,1831745,957468
R288,183 St (4),BX,2019,1778004,1011805
R288,183 St (4),BX,2020,918936,634740
R288,183 St (4),BX,2021,962179,710200
R288,183 St (4),BX,2022,955166,832389
R289,Fordham Rd (4),BX,2018,3311172,668232
R289,Fordham Rd (4),BX,2019,3121147,674900
R289,Fordham Rd (4),BX,2020,1527051,445592
R289,Fordham Rd (4),BX,2021,1658765,544709
R289,Fordham Rd (4),BX,2022,1645577,583421
R290,Kingsbridge Rd (4),BX,2018,2784499,1429289
R290,Kingsbridge Rd (4),BX,2019,2732698,1498741
R290,Kingsbridge Rd (4),BX,2020,1301018,981699
R290,Kingsbridge Rd (4),BX,2021,1337598,1018038
R290,Kingsbridge Rd (4),BX,2022,1407039,1113943
R291,Bedford Park Blvd-Lehman College (4),BX,2018,1594672,1208889
R291,Bedford Park Blvd-Lehman College (4),BX,2019,1555724,1267673
R291,Bedford Park Blvd-Lehman College (4),BX,2020,681526,731210
R291,Bedford Park Blvd-Lehman College (4),BX,2021,736742,889271
R291,Bedford Park Blvd-Lehman College (4),BX,2022,885830,1129711
R293,Mosholu Pkwy (4),BX,2018,2541974,830495
R293,Mosholu Pkwy (4),BX,2019,2499981,855926
R293,Mosholu Pkwy (4),BX,2020,1230814,496888
R293,Mosholu Pkwy (4),BX,2021,1286302,588599
R293,Mosholu Pkwy (4),BX,2022,1292029,901549
R294,Woodlawn (4),BX,2018,2197601,505572
R294,Woodlawn (4),BX,2019,2128338,503412
R294,Woodlawn (4),BX,2020,963688,400391
R294,Woodlawn (4),BX,2021,1097251,450772
R294,Woodlawn (4),BX,2022,1035148,462368
R301,"Central Park North-110 St (2,3)",M,2018,2815762,2434102
R301,"Central Park North-110 St (2,3)",M,2019,2662436,2631262
R301,"Central Park North-110 St (2,3)",M,2020,1017254,1227018
R301,"Central Park North-110 St (2,3)",M,2021,1010466,1430213
R301,"Central Park North-110 St (2,3)",M,2022,1005023,1665919
R302,"116 St (2,3)",M,2018,3449357,1617532
R302,"116 St (2,3)",M,2019,3361375,1619621
R302,"116 St (2,3)",M,2020,1339407,966840
R302,"116 St (2,3)",M,2021,1397375,1146209
R302,"116 St (2,3)",M,2022,1405770,1334599
R304,"125 St (2,3)",M,2018,4045395,1719824
R304,"125 St (2,3)",M,2019,3997319,1781674
R304,"125 St (2,3)",M,2020,1560029,1066962
R304,"125 St (2,3)",M,2021,1588534,1270993
R304,"125 St (2,3)",M,2022,1607488,1441591
R306,"135 St (2,3)",M,2018,4529772,1342205
R306,"135 St (2,3)",M,2019,4304656,1441157
R306,"135 St (2,3)",M,2020,1820109,914100
R306,"135 St (2,3)",M,2021,1342344,616289
R306,"135 St (2,3)",M,2022,1275481,663149
R308,145 St (3),M,2018,647277,40224
R308,145 St (3),M,2019,987144,73318
R308,145 St (3),M,2020,447424,61433
R308,145 St (3),M,2021,472904,79134
R308,145 St (3),M,2022,464608,104788
R309,Harlem-148 St (3),M,2018,1266321,1245695
R309,Harlem-148 St (3),M,2019,1145702,1121929
R309,Harlem-148 St (3),M,2020,482889,514617
R309,Harlem-148 St (3),M,2021,488872,600567
R309,Harlem-148 St (3),M,2022,482467,758898
R310,"3 Av-149 St (2,5)",BX,2018,5781421,2495835
R310,"3 Av-149 St (2,5)",BX,2019,6014519,2681539
R310,"3 Av-149 St (2,5)",BX,2020,3001116,1778510
R310,"3 Av-149 St (2,5)",BX,2021,3022854,2627696
R310,"3 Av-149 St (2,5)",BX,2022,2716613,2815635
R312,"Jackson Av (2,5)",BX,2018,1599967,318644
R312,"Jackson Av (2,5)",BX,2019,1587881,318119
R312,"Jackson Av (2,5)",BX,2020,716014,199372
R312,"Jackson Av (2,5)",BX,2021,732619,193389
R312,"Jackson Av (2,5)",BX,2022,750913,270200
R314,"Prospect Av (2,5)",BX,2018,2144639,663220
R314,"Prospect Av (2,5)",BX,2019,2151665,790129
R314,"Prospect Av (2,5)",BX,2020,1000656,458842
R314,"Prospect Av (2,5)",BX,2021,1015688,487325
R314,"Prospect Av (2,5)",BX,2022,1011731,589244
R316,"Intervale Av (2,5)",BX,2018,950321,941580
R316,"Intervale Av (2,5)",BX,2019,973279,1041380
R316,"Intervale Av (2,5)",BX,2020,463729,562803
R316,"Intervale Av (2,5)",BX,2021,498131,699787
R316,"Intervale Av (2,5)",BX,2022,482123,806255
R318,"Simpson St (2,5)",BX,2018,2600802,830890
R318,"Simpson St (2,5)",BX,2019,2274394,838613
R318,"Simpson St (2,5)",BX,2020,1205306,473164
R318,"Simpson St (2,5)",BX,2021,1249483,564622
R318,"Simpson St (2,5)",BX,2022,1159669,611587
R320,"Freeman St (2,5)",BX,2018,1363462,1131771
R320,"Freeman St (2,5)",BX,2019,1367862,1213154
R320,"Freeman St (2,5)",BX,2020,629676,705586
R320,"Freeman St (2,5)",BX,2021,666537,910384
R320,"Freeman St (2,5)",BX,2022,675478,1094529
R322,"174 St (2,5)",BX,2018,1687452,1625987
R322,"174 St (2,5)",BX,2019,1678050,1767433
R322,"174 St (2,5)",BX,2020,746739,1027115
R322,"174 St (2,5)",BX,2021,787793,1201500
R322,"174 St (2,5)",BX,2022,732621,1349685
R323,"West Farms Sq-East Tremont Av (2,5)",BX,2018,2109086,1212283
R323,"West Farms Sq-East Tremont Av (2,5)",BX,2019,2121847,1506073
R323,"West Farms Sq-East Tremont Av (2,5)",BX,2020,950896,947133
R323,"West Farms Sq-East Tremont Av (2,5)",BX,2021,972048,1093565
R323,"West Farms Sq-East Tremont Av (2,5)",BX,2022,883299,1020768
R325,"East 180 St (2,5)",BX,2018,2299947,2041569
R325,"East 180 St (2,5)",BX,2019,2268098,2082318
R325,"East 180 St (2,5)",BX,2020,1159480,1208645
R325,"East 180 St (2,5)",BX,2021,1144088,1313743
R325,"East 180 St (2,5)",BX,2022,1175582,1646794
R326,"Bronx Park East (2,5)",BX,2018,757192,318025
R326,"Bronx Park East (2,5)",BX,2019,771962,332769
R326,"Bronx Park East (2,5)",BX,2020,344862,192204
R326,"Bronx Park East (2,5)",BX,2021,374905,244553
R326,"Bronx Park East (2,5)",BX,2022,365739,274482
R328,"Pelham Pkwy (2,5)",BX,2018,2656865,1182364
R328,"Pelham Pkwy (2,5)",BX,2019,2660269,1174823
R328,"Pelham Pkwy (2,5)",BX,2020,1197293,736720
R328,"Pelham Pkwy (2,5)",BX,2021,1293378,848507
R328,"Pelham Pkwy (2,5)",BX,2022,1155064,1024329
R329,"Allerton Av (2,5)",BX,2018,1607294,669761
R329,"Allerton Av (2,5)",BX,2019,1580651,674442
R329,"Allerton Av (2,5)",BX,2020,743299,418920
R329,"Allerton Av (2,5)",BX,2021,782916,486116
R329,"Allerton Av (2,5)",BX,2022,731219,560224
R330,"Burke Av (2,5)",BX,2018,1003122,410888
R330,"Burke Av (2,5)",BX,2019,1004564,434587
R330,"Burke Av (2,5)",BX,2020,471161,269318
R330,"Burke Av (2,5)",BX,2021,489136,300561
R330,"Burke Av (2,5)",BX,2022,453208,347547
R331,"Gun Hill Rd (2,5)",BX,2018,2208616,2449533
R331,"Gun Hill Rd (2,5)",BX,2019,2282856,2659900
R331,"Gun Hill Rd (2,5)",BX,2020,1003620,1342569
R331,"Gun Hill Rd (2,5)",BX,2021,1036168,1604889
R331,"Gun Hill Rd (2,5)",BX,2022,965051,1832886
R332,"219 St (2,5)",BX,2018,1030571,549240
R332,"219 St (2,5)",BX,2019,979368,526153
R332,"219 St (2,5)",BX,2020,448714,305535
R332,"219 St (2,5)",BX,2021,451922,351407
R332,"219 St (2,5)",BX,2022,441200,416431
R333,"225 St (2,5)",BX,2018,1026748,524030
R333,"225 St (2,5)",BX,2019,874145,487319
R333,"225 St (2,5)",BX,2020,405846,310271
R333,"225 St (2,5)",BX,2021,441586,359643
R333,"225 St (2,5)",BX,2022,406209,415092
R334,"233 St (2,5)",BX,2018,1499662,473657
R334,"233 St (2,5)",BX,2019,1445837,458892
R334,"233 St (2,5)",BX,2020,708081,304219
R334,"233 St (2,5)",BX,2021,757646,364493
R334,"233 St (2,5)",BX,2022,718716,462364
R335,"Nereid Av (2,5)",BX,2018,1040226,409398
R335,"Nereid Av (2,5)",BX,2019,1010327,429458
R335,"Nereid Av (2,5)",BX,2020,471970,251981
R335,"Nereid Av (2,5)",BX,2021,520052,307333
R335,"Nereid Av (2,5)",BX,2022,513275,365041
R336,Wakefield-241 St (2),BX,2018,1549965,1635072
R336,Wakefield-241 St (2),BX,2019,1468857,1637372
R336,Wakefield-241 St (2),BX,2020,769603,982240
R336,Wakefield-241 St (2),BX,2021,808453,1089781
R336,Wakefield-241 St (2),BX,2022,756275,1218599
R401,3 Av-138 St (6),BX,2018,2470053,1720080
R401,3 Av-138 St (6),BX,2019,2304252,1460941
R401,3 Av-138 St (6),BX,2020,974680,666608
R401,3 Av-138 St (6),BX,2021,937851,820699
R401,3 Av-138 St (6),BX,2022,1167333,1440371
R402,Brook Av (6),BX,2018,1900585,1768098
R402,Brook Av (6),BX,2019,1832669,1728450
R402,Brook Av (6),BX,2020,929478,1118411
R402,Brook Av (6),BX,2021,938896,1241113
R402,Brook Av (6),BX,2022,905573,1440627
R404,Cypress Av (6),BX,2018,1125624,786675
R404,Cypress Av (6),BX,2019,1055279,803936
R404,Cypress Av (6),BX,2020,501005,482893
R404,Cypress Av (6),BX,2021,479586,522509
R404,Cypress Av (6),BX,2022,455790,618474
R406,East 143 St-St Mary's St (6),BX,2018,306173,351195
R406,East 143 St-St Mary's St (6),BX,2019,319706,364043
R406,East 143 St-St Mary's St (6),BX,2020,170001,223992
R406,East 143 St-St Mary's St (6),BX,2021,183465,276075
R406,East 143 St-St Mary's St (6),BX,2022,210181,368054
R408,East 149 St (6),BX,2018,1516916,1436737
R408,East 149 St (6),BX,2019,1473802,1433353
R408,East 149 St (6),BX,2020,774784,913013
R408,East 149 St (6),BX,2021,760385,974398
R408,East 149 St (6),BX,2022,753588,1173361
R410,Longwood Av (6),BX,2018,1052973,940453
R410,Longwood Av (6),BX,2019,957991,869067
R410,Longwood Av (6),BX,2020,383258,459342
R410,Longwood Av (6),BX,2021,513308,631944
R410,Longwood Av (6),BX,2022,558109,773259
R412,Hunts Point Av (6),BX,2018,3233718,2717253
R412,Hunts Point Av (6),BX,2019,2970396,2539241
R412,Hunts Point Av (6),BX,2020,1428741,1357578
R412,Hunts Point Av (6),BX,2021,1297858,1516184
R412,Hunts Point Av (6),BX,2022,1233520,1816066
R413,Whitlock Av (6),BX,2018,593281,632657
R413,Whitlock Av (6),BX,2019,586842,645310
R413,Whitlock Av (6),BX,2020,300317,390093
R413,Whitlock Av (6),BX,2021,301288,433470
R413,Whitlock Av (6),BX,2022,302250,536471
R414,Elder Av (6),BX,2018,1994367,1901432
R414,Elder Av (6),BX,2019,1986009,1984357
R414,Elder Av (6),BX,2020,1022471,1259374
R414,Elder Av (6),BX,2021,1047594,1457546
R414,Elder Av (6),BX,2022,1045271,1826932
R415,Morrison Av-Soundview (6),BX,2018,1989189,1692164
R415,Morrison Av-Soundview (6),BX,2019,1969594,1764797
R415,Morrison Av-Soundview (6),BX,2020,974603,1080780
R415,Morrison Av-Soundview (6),BX,2021,1005974,1187920
R415,Morrison Av-Soundview (6),BX,2022,999946,1473443
R416,St Lawrence Av (6),BX,2018,1276852,1208209
R416,St Lawrence Av (6),BX,2019,1277484,1236875
R416,St Lawrence Av (6),BX,2020,623234,721174
R416,St Lawrence Av (6),BX,2021,634008,787133
R416,St Lawrence Av (6),BX,2022,647260,1037509
R417,Parkchester (6),BX,2018,4728039,5160258
R417,Parkchester (6),BX,2019,4634383,5112073
R417,Parkchester (6),BX,2020,2159519,2541426
R417,Parkchester (6),BX,2021,2179623,2997168
R417,Parkchester (6),BX,2022,2214755,3703320
R418,Castle Hill Av (6),BX,2018,1993047,2025007
R418,Castle Hill Av (6),BX,2019,1954879,2042243
R418,Castle Hill Av (6),BX,2020,930281,1113592
R418,Castle Hill Av (6),BX,2021,951008,1280128
R418,Castle Hill Av (6),BX,2022,947634,1561084
R419,Zerega Av (6),BX,2018,797609,737547
R419,Zerega Av (6),BX,2019,799488,752326
R419,Zerega Av (6),BX,2020,351221,385376
R419,Zerega Av (6),BX,2021,358362,444036
R419,Zerega Av (6),BX,2022,371981,550518
R420,Westchester Sq-East Tremont Av (6),BX,2018,1837239,1714350
R420,Westchester Sq-East Tremont Av (6),BX,2019,1818589,1710831
R420,Westchester Sq-East Tremont Av (6),BX,2020,839313,944390
R420,Westchester Sq-East Tremont Av (6),BX,2021,860455,1123700
R420,Westchester Sq-East Tremont Av (6),BX,2022,842764,1347577
R421,Middletown Rd (6),BX,2018,609759,586903
R421,Middletown Rd (6),BX,2019,614092,594299
R421,Middletown Rd (6),BX,2020,260120,292959
R421,Middletown Rd (6),BX,2021,267140,340961
R421,Middletown Rd (6),BX,2022,293841,428374
R422,Buhre Av (6),BX,2018,1117180,1052328
R422,Buhre Av (6),BX,2019,1151671,1103676
R422,Buhre Av (6),BX,2020,507878,563831
R422,Buhre Av (6),BX,2021,526384,672231
R422,Buhre Av (6),BX,2022,558122,841648
R423,Pelham Bay Park (6),BX,2018,2216306,1284620
R423,Pelham Bay Park (6),BX,2019,2201592,1246575
R423,Pelham Bay Park (6),BX,2020,992899,738295
R423,Pelham Bay Park (6),BX,2021,990622,824460
R423,Pelham Bay Park (6),BX,2022,973590,982875
R504,Vernon Blvd-Jackson Av (7),Q,2018,4511655,3284580
R504,Vernon Blvd-Jackson Av (7),Q,2019,4658300,3396924
R504,Vernon Blvd-Jackson Av (7),Q,2020,1707569,1480168
R504,Vernon Blvd-Jackson Av (7),Q,2021,1659560,1970749
R504,Vernon Blvd-Jackson Av (7),Q,2022,1722820,2659842
R507,Hunters Point Av (7),Q,2018,1955950,1594317
R507,Hunters Point Av (7),Q,2019,1904333,1567563
R507,Hunters Point Av (7),Q,2020,705663,688981
R507,Hunters Point Av (7),Q,2021,616864,717639
R507,Hunters Point Av (7),Q,2022,752303,994140
R509,"Queensboro Plaza (N,W,7)",Q,2018,4952455,1496383
R509,"Queensboro Plaza (N,W,7)",Q,2019,4846867,1480706
R509,"Queensboro Plaza (N,W,7)",Q,2020,1758020,668164
R509,"Queensboro Plaza (N,W,7)",Q,2021,1758120,845683
R509,"Queensboro Plaza (N,W,7)",Q,2022,1890075,1100244
R510,"39 Av (N,W)",Q,2018,677715,405963
R510,"39 Av (N,W)",Q,2019,769113,801132
R510,"39 Av (N,W)",Q,2020,371202,452207
R510,"39 Av (N,W)",Q,2021,359986,560622
R510,"39 Av (N,W)",Q,2022,411547,790951
R511,"36 Av (N,W)",Q,2018,1402186,1444836
R511,"36 Av (N,W)",Q,2019,1924281,1988324
R511,"36 Av (N,W)",Q,2020,817516,964146
R511,"36 Av (N,W)",Q,2021,828177,1223350
R511,"36 Av (N,W)",Q,2022,875271,1603658
R512,"Broadway (N,W)",Q,2018,2342876,1456893
R512,"Broadway (N,W)",Q,2019,2996111,2897346
R512,"Broadway (N,W)",Q,2020,1392997,1465995
R512,"Broadway (N,W)",Q,2021,1483251,1973448
R512,"Broadway (N,W)",Q,2022,1500747,2593953
R513,"30 Av (N,W)",Q,2018,2287976,2033569
R513,"30 Av (N,W)",Q,2019,5095871,3833858
R513,"30 Av (N,W)",Q,2020,1725797,1661397
R513,"30 Av (N,W)",Q,2021,1670222,2103351
R513,"30 Av (N,W)",Q,2022,1641486,2641439
R514,"Astoria Blvd (N,W)",Q,2018,4142883,3149896
R514,"Astoria Blvd (N,W)",Q,2019,710004,580334
R514,"Astoria Blvd (N,W)",Q,2020,1017564,1098635
R514,"Astoria Blvd (N,W)",Q,2021,1294913,1503775
R514,"Astoria Blvd (N,W)",Q,2022,1373077,2071338
R515,"Astoria-Ditmars Blvd (N,W)",Q,2018,4410003,3105122
R515,"Astoria-Ditmars Blvd (N,W)",Q,2019,5186704,4557637
R515,"Astoria-Ditmars Blvd (N,W)",Q,2020,1971159,2045304
R515,"Astoria-Ditmars Blvd (N,W)",Q,2021,1935662,2467556
R515,"Astoria-Ditmars Blvd (N,W)",Q,2022,2018576,3129018
R516,33 St-Rawson St (7),Q,2018,3031654,2351468
R516,33 St-Rawson St (7),Q,2019,2902977,2419488
R516,33 St-Rawson St (7),Q,2020,942785,931618
R516,33 St-Rawson St (7),Q,2021,907245,1073826
R516,33 St-Rawson St (7),Q,2022,1181750,1596782
R518,40 St-Lowery St (7),Q,2018,3022914,2708932
R518,40 St-Lowery St (7),Q,2019,3062094,2820534
R518,40 St-Lowery St (7),Q,2020,1194432,1211074
R518,40 St-Lowery St (7),Q,2021,1302351,1617997
R518,40 St-Lowery St (7),Q,2022,1387255,2104109
R519,46 St-Bliss St (7),Q,2018,4047206,3100802
R519,46 St-Bliss St (7),Q,2019,3998218,3182163
R519,46 St-Bliss St (7),Q,2020,1708062,1589420
R519,46 St-Bliss St (7),Q,2021,1889462,2241418
R519,46 St-Bliss St (7),Q,2022,1912357,2953380
R521,52 St (7),Q,2018,1853714,1817450
R521,52 St (7),Q,2019,1887429,1835241
R521,52 St (7),Q,2020,824157,866952
R521,52 St (7),Q,2021,914530,1135727
R521,52 St (7),Q,2022,920643,1439982
R523,Woodside-61 St (7),Q,2018,5296439,5480619
R523,Woodside-61 St (7),Q,2019,4891526,4937403
R523,Woodside-61 St (7),Q,2020,2150535,2320851
R523,Woodside-61 St (7),Q,2021,2491253,3047826
R523,Woodside-61 St (7),Q,2022,2648458,3826985
R524,69 St (7),Q,2018,1509580,1583831
R524,69 St (7),Q,2019,1560421,1637056
R524,69 St (7),Q,2020,727925,868426
R524,69 St (7),Q,2021,901335,1207871
R524,69 St (7),Q,2022,1002060,1562426
R525,"74-Broadway (7)/Jackson Hts-Roosevelt Av (E,F,M,R)",Q,2018,16459413,13198623
R525,"74-Broadway (7)/Jackson Hts-Roosevelt Av (E,F,M,R)",Q,2019,16498307,13397097
R525,"74-Broadway (7)/Jackson Hts-Roosevelt Av (E,F,M,R)",Q,2020,7383161,6546283
R525,"74-Broadway (7)/Jackson Hts-Roosevelt Av (E,F,M,R)",Q,2021,8395931,8604233
R525,"74-Broadway (7)/Jackson Hts-Roosevelt Av (E,F,M,R)",Q,2022,8850732,10541991
R526,82 St-Jackson Hts (7),Q,2018,4704485,5526602
R526,82 St-Jackson Hts (7),Q,2019,4841694,5701440
R526,82 St-Jackson Hts (7),Q,2020,2257773,2991799
R526,82 St-Jackson Hts (7),Q,2021,2870752,4190761
R526,82 St-Jackson Hts (7),Q,2022,2897985,5296005
R527,90 St-Elmhurst Av (7),Q,2018,5234967,2459557
R527,90 St-Elmhurst Av (7),Q,2019,5254540,2470506
R527,90 St-Elmhurst Av (7),Q,2020,2601560,1467833
R527,90 St-Elmhurst Av (7),Q,2021,2881876,1871535
R527,90 St-Elmhurst Av (7),Q,2022,2527136,1957806
R528,Junction Blvd (7),Q,2018,6753181,5662772
R528,Junction Blvd (7),Q,2019,6739677,5761882
R528,Junction Blvd (7),Q,2020,3536188,3620125
R528,Junction Blvd (7),Q,2021,4249950,4634996
R528,Junction Blvd (7),Q,2022,4326803,5537859
R529,103 St-Corona Plaza (7),Q,2018,6201565,4569324
R529,103 St-Corona Plaza (7),Q,2019,6223391,4684551
R529,103 St-Corona Plaza (7),Q,2020,3242153,2929471
R529,103 St-Corona Plaza (7),Q,2021,3745495,3919296
R529,103 St-Corona Plaza (7),Q,2022,3795814,5062611
R530,111 St (7),Q,2018,3583022,2139187
R530,111 St (7),Q,2019,3822206,2419451
R530,111 St (7),Q,2020,2106628,1327604
R530,111 St (7),Q,2021,2260873,1784184
R530,111 St (7),Q,2022,2182542,2185485
R532,Mets-Willets Point (7),Q,2018,1836834,1648289
R532,Mets-Willets Point (7),Q,2019,2120496,1991392
R532,Mets-Willets Point (7),Q,2020,369399,429057
R532,Mets-Willets Point (7),Q,2021,861066,1313761
R532,Mets-Willets Point (7),Q,2022,914415,1710255
R533,Flushing-Main St (7),Q,2018,17586871,14543797
R533,Flushing-Main St (7),Q,2019,17226675,15074963
R533,Flushing-Main St (7),Q,2020,7005038,6882862
R533,Flushing-Main St (7),Q,2021,8576186,9645471
R533,Flushing-Main St (7),Q,2022,9241437,12135723
R550,34 St-Hudson Yards (7),M,2018,3206142,3541693
R550,34 St-Hudson Yards (7),M,2019,6082164,6266618
R550,34 St-Hudson Yards (7),M,2020,2007520,2264950
R550,34 St-Hudson Yards (7),M,2021,2147246,3163820
R550,34 St-Hudson Yards (7),M,2022,2592463,4813022
R600,"Clark St (2,3)",BK,2018,1559278,785639
R600,"Clark St (2,3)",BK,2019,1794702,1018572
R600,"Clark St (2,3)",BK,2020,579036,409226
R600,"Clark St (2,3)",BK,2021,528885,511228
R600,"Clark St (2,3)",BK,2022,482177,692816
R602,"Court St (R)/Borough Hall (2,3,4,5)",BK,2018,10530288,6904787
R602,"Court St (R)/Borough Hall (2,3,4,5)",BK,2019,10158721,6871815
R602,"Court St (R)/Borough Hall (2,3,4,5)",BK,2020,3323041,2667512
R602,"Court St (R)/Borough Hall (2,3,4,5)",BK,2021,3156262,3145877
R602,"Court St (R)/Borough Hall (2,3,4,5)",BK,2022,3656596,4231725
R606,"Hoyt St (2,3)",BK,2018,2019295,1753566
R606,"Hoyt St (2,3)",BK,2019,2333120,1989964
R606,"Hoyt St (2,3)",BK,2020,896759,914513
R606,"Hoyt St (2,3)",BK,2021,910807,1159621
R606,"Hoyt St (2,3)",BK,2022,957170,1480435
R608,"Nevins St (2,3,4,5)",BK,2018,3267510,3141863
R608,"Nevins St (2,3,4,5)",BK,2019,3164371,3149875
R608,"Nevins St (2,3,4,5)",BK,2020,1198498,1391625
R608,"Nevins St (2,3,4,5)",BK,2021,1126885,1572185
R608,"Nevins St (2,3,4,5)",BK,2022,1216199,2090871
R610,"Atlantic Av-Barclays Ctr (B,D,N,Q,R,2,3,4,5)",BK,2018,13961687,12724890
R610,"Atlantic Av-Barclays Ctr (B,D,N,Q,R,2,3,4,5)",BK,2019,13972231,12941582
R610,"Atlantic Av-Barclays Ctr (B,D,N,Q,R,2,3,4,5)",BK,2020,5358826,5813963
R610,"Atlantic Av-Barclays Ctr (B,D,N,Q,R,2,3,4,5)",BK,2021,5417696,7216725
R610,"Atlantic Av-Barclays Ctr (B,D,N,Q,R,2,3,4,5)",BK,2022,5946903,9519205
R617,"Bergen St (2,3)",BK,2018,1149170,935807
R617,"Bergen St (2,3)",BK,2019,1215384,972854
R617,"Bergen St (2,3)",BK,2020,431420,420705
R617,"Bergen St (2,3)",BK,2021,414364,558772
R617,"Bergen St (2,3)",BK,2022,455228,758217
R619,"Grand Army Plaza (2,3)",BK,2018,2226859,856511
R619,"Grand Army Plaza (2,3)",BK,2019,2290790,898484
R619,"Grand Army Plaza (2,3)",BK,2020,799470,370001
R619,"Grand Army Plaza (2,3)",BK,2021,801195,497140
R619,"Grand Army Plaza (2,3)",BK,2022,874782,675118
R621,"Eastern Pkwy-Brooklyn Museum (2,3)",BK,2018,1544060,1465787
R621,"Eastern Pkwy-Brooklyn Museum (2,3)",BK,2019,1334501,1272384
R621,"Eastern Pkwy-Brooklyn Museum (2,3)",BK,2020,446890,573129
R621,"Eastern Pkwy-Brooklyn Museum (2,3)",BK,2021,532196,894091
R621,"Eastern Pkwy-Brooklyn Museum (2,3)",BK,2022,551373,1162745
R622,"Franklin Av (2,3,4,5)/Botanic Garden (S)",BK,2018,3664542,2895309
R622,"Franklin Av (2,3,4,5)/Botanic Garden (S)",BK,2019,4236825,3044132
R622,"Franklin Av (2,3,4,5)/Botanic Garden (S)",BK,2020,1488644,1248739
R622,"Franklin Av (2,3,4,5)/Botanic Garden (S)",BK,2021,1343763,1576659
R622,"Franklin Av (2,3,4,5)/Botanic Garden (S)",BK,2022,1652790,2553116
R623,Nostrand Av (3),BK,2018,1265994,1255453
R623,Nostrand Av (3),BK,2019,1380522,1371027
R623,Nostrand Av (3),BK,2020,514373,617372
R623,Nostrand Av (3),BK,2021,527761,743096
R623,Nostrand Av (3),BK,2022,530753,902741
R624,Kingston Av (3),BK,2018,1448010,1197078
R624,Kingston Av (3),BK,2019,1474714,1262390
R624,Kingston Av (3),BK,2020,615373,650185
R624,Kingston Av (3),BK,2021,631162,789234
R624,Kingston Av (3),BK,2022,630345,958489
R626,"Crown Heights-Utica Av (3,4)",BK,2018,7988618,6123807
R626,"Crown Heights-Utica Av (3,4)",BK,2019,8005300,6277215
R626,"Crown Heights-Utica Av (3,4)",BK,2020,3719340,3487793
R626,"Crown Heights-Utica Av (3,4)",BK,2021,3658748,3899175
R626,"Crown Heights-Utica Av (3,4)",BK,2022,3631665,4381103
R627,Sutter Av-Rutland Rd (3),BK,2018,1985475,2114978
R627,Sutter Av-Rutland Rd (3),BK,2019,1989714,2193888
R627,Sutter Av-Rutland Rd (3),BK,2020,1001734,1285583
R627,Sutter Av-Rutland Rd (3),BK,2021,986286,1382283
R627,Sutter Av-Rutland Rd (3),BK,2022,982902,1615745
R628,Saratoga Av (3),BK,2018,1561127,1590383
R628,Saratoga Av (3),BK,2019,1580828,1669959
R628,Saratoga Av (3),BK,2020,800490,948490
R628,Saratoga Av (3),BK,2021,798571,1049963
R628,Saratoga Av (3),BK,2022,766884,1229957
R629,Rockaway Av (3),BK,2018,1432295,1562365
R629,Rockaway Av (3),BK,2019,1474850,1723355
R629,Rockaway Av (3),BK,2020,736814,972603
R629,Rockaway Av (3),BK,2021,724074,1053237
R629,Rockaway Av (3),BK,2022,694258,1183794
R630,Junius St (3),BK,2018,628669,730907
R630,Junius St (3),BK,2019,686790,856708
R630,Junius St (3),BK,2020,353707,518756
R630,Junius St (3),BK,2021,340532,552066
R630,Junius St (3),BK,2022,366756,745198
R632,Pennsylvania Av (3),BK,2018,1299922,667755
R632,Pennsylvania Av (3),BK,2019,1382108,732508
R632,Pennsylvania Av (3),BK,2020,679197,407440
R632,Pennsylvania Av (3),BK,2021,688120,453064
R632,Pennsylvania Av (3),BK,2022,674582,544872
R633,Van Siclen Av (3),BK,2018,869107,897917
R633,Van Siclen Av (3),BK,2019,863303,934509
R633,Van Siclen Av (3),BK,2020,417567,529790
R633,Van Siclen Av (3),BK,2021,393676,559788
R633,Van Siclen Av (3),BK,2022,396569,665491
R634,New Lots Av (3),BK,2018,1708996,1758023
R634,New Lots Av (3),BK,2019,1722254,1859195
R634,New Lots Av (3),BK,2020,873719,1065330
R634,New Lots Av (3),BK,2021,836313,1145959
R634,New Lots Av (3),BK,2022,842559,1331338
R635,"President St (2,5)",BK,2018,1211157,1339186
R635,"President St (2,5)",BK,2019,1049008,1205644
R635,"President St (2,5)",BK,2020,446103,573001
R635,"President St (2,5)",BK,2021,490631,719344
R635,"President St (2,5)",BK,2022,496323,893011
R636,"Sterling St (2,5)",BK,2018,1765627,1044943
R636,"Sterling St (2,5)",BK,2019,1643592,1110945
R636,"Sterling St (2,5)",BK,2020,736736,571953
R636,"Sterling St (2,5)",BK,2021,787937,689118
R636,"Sterling St (2,5)",BK,2022,781795,828160
R637,"Winthrop St (2,5)",BK,2018,2166779,441049
R637,"Winthrop St (2,5)",BK,2019,1898662,412355
R637,"Winthrop St (2,5)",BK,2020,967097,223099
R637,"Winthrop St (2,5)",BK,2021,1044675,255177
R637,"Winthrop St (2,5)",BK,2022,1050198,277547
R639,"Church Av (2,5)",BK,2018,2832208,623853
R639,"Church Av (2,5)",BK,2019,2897320,639350
R639,"Church Av (2,5)",BK,2020,1355284,372895
R639,"Church Av (2,5)",BK,2021,1418718,416790
R639,"Church Av (2,5)",BK,2022,1432033,476700
R641,"Beverly Rd (2,5)",BK,2018,1331431,257822
R641,"Beverly Rd (2,5)",BK,2019,1300823,269588
R641,"Beverly Rd (2,5)",BK,2020,610613,146678
R641,"Beverly Rd (2,5)",BK,2021,635013,173912
R641,"Beverly Rd (2,5)",BK,2022,668431,232270
R643,"Newkirk Av (2,5)",BK,2018,2258361,1477820
R643,"Newkirk Av (2,5)",BK,2019,2164629,1494116
R643,"Newkirk Av (2,5)",BK,2020,1038124,806770
R643,"Newkirk Av (2,5)",BK,2021,1068541,960946
R643,"Newkirk Av (2,5)",BK,2022,1092130,1142395
R645,"Flatbush Av-Brooklyn College (2,5)",BK,2018,5441980,3105011
R645,"Flatbush Av-Brooklyn College (2,5)",BK,2019,5334265,3250947
R645,"Flatbush Av-Brooklyn College (2,5)",BK,2020,2503121,1985813
R645,"Flatbush Av-Brooklyn College (2,5)",BK,2021,2489161,2305310
R645,"Flatbush Av-Brooklyn College (2,5)",BK,2022,2690082,2720494
R726,Morris Park (5),BX,2018,671935,685967
R726,Morris Park (5),BX,2019,714182,699445
R726,Morris Park (5),BX,2020,306888,346863
R726,Morris Park (5),BX,2021,312394,412148
R726,Morris Park (5),BX,2022,322561,526892
R727,Pelham Pkwy (5),BX,2018,853884,639333
R727,Pelham Pkwy (5),BX,2019,905701,675834
R727,Pelham Pkwy (5),BX,2020,399024,373777
R727,Pelham Pkwy (5),BX,2021,394826,456646
R727,Pelham Pkwy (5),BX,2022,412252,524660
R728,Gun Hill Rd (5),BX,2018,1537874,409877
R728,Gun Hill Rd (5),BX,2019,1270226,746933
R728,Gun Hill Rd (5),BX,2020,457428,538565
R728,Gun Hill Rd (5),BX,2021,685844,1009160
R728,Gun Hill Rd (5),BX,2022,717989,1276456
R729,Baychester Av (5),BX,2018,1024572,168680
R729,Baychester Av (5),BX,2019,1109272,217342
R729,Baychester Av (5),BX,2020,481525,138120
R729,Baychester Av (5),BX,2021,437637,153822
R729,Baychester Av (5),BX,2022,443719,180009
R730,Eastchester-Dyre Av (5),BX,2018,1177362,1258295
R730,Eastchester-Dyre Av (5),BX,2019,1238356,1337340
R730,Eastchester-Dyre Av (5),BX,2020,595198,772119
R730,Eastchester-Dyre Av (5),BX,2021,589656,830991
R730,Eastchester-Dyre Av (5),BX,2022,566734,980081
