station_complex_id,station_complex,borough,Georeference,,transit_bureau
1,"Astoria-Ditmars Blvd (N,W)",Queens,POINT (-73.91203308105469 40.7750358581543),,20
10,"49 St (N,R,W)",Manhattan,POINT (-73.98413848876953 40.7598991394043),,1
100,"Hewes St (M,J)",Brooklyn,POINT (-73.95343017578125 40.706871032714844),,33
101,"Marcy Av (M,J,Z)",Brooklyn,POINT (-73.95775604248047 40.70835876464844),,2
103,"Bowery (J,Z)",Manhattan,POINT (-73.99391174316406 40.720279693603516),,2
107,"Broad St (J,Z)",Manhattan,POINT (-74.01105499267578 40.70647430419922),,2
108,Middle Village-Metropolitan Av (M),Queens,POINT (-73.88960266113281 40.711395263671875),,33
109,Fresh Pond Rd (M),Queens,POINT (-73.8958740234375 40.70618438720703),,33
110,Forest Av (M),Queens,POINT (-73.903076171875 40.70442199707031),,33
111,Seneca Av (M),Queens,POINT (-73.9077377319336 40.702762603759766),,33
113,Knickerbocker Av (M),Brooklyn,POINT (-73.91970825195312 40.698665618896484),,33
114,Central Av (M),Brooklyn,POINT (-73.92739868164062 40.69785690307617),,33
118,3 Av (L),Manhattan,POINT (-73.98612213134766 40.73284912109375),,4
119,1 Av (L),Manhattan,POINT (-73.98162841796875 40.730953216552734),,4
120,Bedford Av (L),Brooklyn,POINT (-73.95687103271484 40.71730422973633),,33
122,Graham Av (L),Brooklyn,POINT (-73.94405364990234 40.71456527709961),,33
123,Grand St (L),Brooklyn,POINT (-73.94066619873047 40.7119255065918),,33
124,Montrose Av (L),Brooklyn,POINT (-73.93984985351562 40.707740783691406),,33
125,Morgan Av (L),Brooklyn,POINT (-73.93314361572266 40.706153869628906),,33
126,Jefferson St (L),Brooklyn,POINT (-73.92291259765625 40.706607818603516),,33
127,DeKalb Av (L),Brooklyn,POINT (-73.91842651367188 40.70381164550781),,33
129,Halsey St (L),Queens,POINT (-73.90408325195312 40.69560241699219),,33
13,"28 St (R,W)",Manhattan,POINT (-73.98869323730469 40.7454948425293),,4
130,Wilson Av (L),Brooklyn,POINT (-73.90404510498047 40.68876266479492),,33
131,Bushwick Av-Aberdeen St (L),Brooklyn,POINT (-73.9052505493164 40.682830810546875),,33
133,Atlantic Av (L),Brooklyn,POINT (-73.9030990600586 40.67534637451172),,33
134,Sutter Av (L),Brooklyn,POINT (-73.9019775390625 40.669368743896484),,33
135,Livonia Av (L),Brooklyn,POINT (-73.90057373046875 40.664039611816406),,33
136,New Lots Av (L),Brooklyn,POINT (-73.89923095703125 40.65873336791992),,33
137,East 105 St (L),Brooklyn,POINT (-73.89948272705078 40.65057373046875),,33
138,Canarsie-Rockaway Pkwy (L),Brooklyn,POINT (-73.90184783935547 40.64665222167969),,33
14,"23 St (R,W)",Manhattan,POINT (-73.98934173583984 40.741302490234375),,4
141,Park Pl (S),Brooklyn,POINT (-73.95762634277344 40.67477035522461),,32
143,Inwood-207 St (A),Manhattan,POINT (-73.9198989868164 40.868072509765625),,3
144,Dyckman St (A),Manhattan,POINT (-73.9272689819336 40.8654899597168),,3
145,190 St (A),Manhattan,POINT (-73.9341812133789 40.8590202331543),,3
146,181 St (A),Manhattan,POINT (-73.9379653930664 40.8516960144043),,3
147,175 St (A),Manhattan,POINT (-73.93970489501953 40.847389221191406),,3
149,163 St-Amsterdam Av (C),Manhattan,POINT (-73.93989562988281 40.83601379394531),,3
150,155 St (C),Manhattan,POINT (-73.94151306152344 40.83051681518555),,3
151,"145 St (A,C,B,D)",Manhattan,POINT (-73.9442138671875 40.82478332519531),,3
152,"135 St (C,B)",Manhattan,POINT (-73.94764709472656 40.817893981933594),,3
153,"125 St (A,C,B,D)",Manhattan,POINT (-73.95234680175781 40.81110763549805),,3
154,"116 St (C,B)",Manhattan,POINT (-73.95487976074219 40.805084228515625),,3
155,"Cathedral Pkwy (110 St) (C,B)",Manhattan,POINT (-73.95816040039062 40.800601959228516),,3
156,"103 St (C,B)",Manhattan,POINT (-73.96145629882812 40.79609298706055),,3
157,"96 St (C,B)",Manhattan,POINT (-73.9646987915039 40.79164123535156),,3
158,"86 St (C,B)",Manhattan,POINT (-73.96891784667969 40.78586959838867),,1
159,"81 St-Museum of Natural History (C,B)",Manhattan,POINT (-73.9721450805664 40.78143310546875),,1
16,"8 St-NYU (R,W)",Manhattan,POINT (-73.99263000488281 40.73032760620117),,4
160,"72 St (C,B)",Manhattan,POINT (-73.97640991210938 40.77559280395508),,1
162,"50 St (C,E)",Manhattan,POINT (-73.9859848022461 40.762454986572266),,1
164,"34 St-Penn Station (A,C,E)",Manhattan,POINT (-73.99339294433594 40.752288818359375),,2
165,"23 St (C,E)",Manhattan,POINT (-73.99803924560547 40.745906829833984),,2
167,"W 4 St-Wash Sq (A,C,E,B,D,F,M)",Manhattan,POINT (-74.00049591064453 40.732337951660156),,2
168,"Spring St (C,E)",Manhattan,POINT (-74.00373840332031 40.726226806640625),,2
169,"Canal St (A,C,E)",Manhattan,POINT (-74.0052261352539 40.7208251953125),,2
17,"Prince St (R,W)",Manhattan,POINT (-73.9977035522461 40.72433090209961),,4
173,"High St (A,C)",Brooklyn,POINT (-73.99053192138672 40.699337005615234),,30
175,"Hoyt-Schermerhorn Sts (A,C,G)",Brooklyn,POINT (-73.98500061035156 40.68848419189453),,30
176,Lafayette Av (C),Brooklyn,POINT (-73.97394561767578 40.68611145019531),,30
177,Clinton-Washington Avs (C),Brooklyn,POINT (-73.96583557128906 40.68326187133789),,30
179,"Nostrand Av (A,C)",Brooklyn,POINT (-73.95042419433594 40.68043899536133),,30
180,Kingston-Throop Avs (C),Brooklyn,POINT (-73.94085693359375 40.6799201965332),,33
181,"Utica Av (A,C)",Brooklyn,POINT (-73.93073272705078 40.67936325073242),,33
182,Ralph Av (C),Brooklyn,POINT (-73.92078399658203 40.6788215637207),,33
183,Rockaway Av (C),Brooklyn,POINT (-73.91194915771484 40.678340911865234),,33
185,Liberty Av (C),Brooklyn,POINT (-73.89654541015625 40.67454147338867),,33
186,Van Siclen Av (C),Brooklyn,POINT (-73.8903579711914 40.67271041870117),,33
187,Shepherd Av (C),Brooklyn,POINT (-73.88075256347656 40.674129486083984),,33
188,"Euclid Av (A,C)",Brooklyn,POINT (-73.87210845947266 40.675376892089844),,33
189,Grant Av (A),Brooklyn,POINT (-73.86505126953125 40.67704391479492),,33
190,80 St (A),Queens,POINT (-73.85899353027344 40.67937088012695),,23
191,88 St (A),Queens,POINT (-73.85147094726562 40.67984390258789),,23
192,Rockaway Blvd (A),Queens,POINT (-73.84385681152344 40.68042755126953),,23
193,104 St (A),Queens,POINT (-73.83768463134766 40.68170928955078),,23
194,111 St (A),Queens,POINT (-73.83216094970703 40.684329986572266),,23
195,Ozone Park-Lefferts Blvd (A),Queens,POINT (-73.82579803466797 40.685951232910156),,23
196,Aqueduct Racetrack (A),Queens,POINT (-73.83406066894531 40.668235778808594),,23
197,Aqueduct-N Conduit Av (A),Queens,POINT (-73.83406066894531 40.668235778808594),,23
198,Howard Beach-JFK Airport (A),Queens,POINT (-73.8302993774414 40.66047668457031),,23
199,"Broad Channel (A,S)",Queens,POINT (-73.81592559814453 40.60838317871094),,23
2,"Astoria Blvd (N,W)",Queens,POINT (-73.9178466796875 40.770259857177734),,20
20,"City Hall (R,W)",Manhattan,POINT (-74.0069808959961 40.71328353881836),,2
200,"Beach 90 St (A,S)",Queens,POINT (-73.81364440917969 40.588035583496094),,23
201,"Beach 98 St (A,S)",Queens,POINT (-73.820556640625 40.58530807495117),,23
202,"Beach 105 St (A,S)",Queens,POINT (-73.82756042480469 40.58320999145508),,23
203,"Rockaway Park-Beach 116 St (A,S)",Queens,POINT (-73.8355941772461 40.580902099609375),,23
204,Beach 67 St (A),Queens,POINT (-73.79692077636719 40.59092712402344),,23
205,Beach 60 St (A),Queens,POINT (-73.78852081298828 40.59237289428711),,23
206,Beach 44 St (A),Queens,POINT (-73.77601623535156 40.59294128417969),,23
207,Beach 36 St (A),Queens,POINT (-73.76817321777344 40.59539794921875),,23
208,Beach 25 St (A),Queens,POINT (-73.7613525390625 40.600067138671875),,23
209,Far Rockaway-Mott Av (A),Queens,POINT (-73.75540161132812 40.60399627685547),,23
210,Norwood-205 St (D),Bronx,POINT (-73.87885284423828 40.87480926513672),,11
211,"Bedford Park Blvd (B,D)",Bronx,POINT (-73.88713836669922 40.87324523925781),,11
212,"Kingsbridge Rd (B,D)",Bronx,POINT (-73.89350891113281 40.86697769165039),,11
213,"Fordham Rd (B,D)",Bronx,POINT (-73.89775085449219 40.861297607421875),,11
214,"182-183 Sts (B,D)",Bronx,POINT (-73.90074157714844 40.85609436035156),,11
215,"Tremont Av (B,D)",Bronx,POINT (-73.90522766113281 40.85041046142578),,11
216,"174-175 Sts (B,D)",Bronx,POINT (-73.9101333618164 40.84590148925781),,11
217,"170 St (B,D)",Bronx,POINT (-73.91339874267578 40.83930587768555),,11
218,"167 St (B,D)",Bronx,POINT (-73.91844177246094 40.833770751953125),,11
22,"Rector St (R,W)",Manhattan,POINT (-74.01334381103516 40.707218170166016),,2
220,"155 St (B,D)",Manhattan,POINT (-73.9382095336914 40.830135345458984),,3
221,21 St-Queensbridge (F),Queens,POINT (-73.94283294677734 40.75420379638672),,20
222,Roosevelt Island (F),Manhattan,POINT (-73.95326232910156 40.7591438293457),,20
223,"Lexington Av/63 St (F,Q)",Manhattan,POINT (-73.96611022949219 40.76462936401367),,1
224,57 St (F),Manhattan,POINT (-73.97744750976562 40.763973236083984),,1
225,"47-50 Sts-Rockefeller Ctr (B,D,F,M)",Manhattan,POINT (-73.98133087158203 40.758663177490234),,1
228,"23 St (F,M)",Manhattan,POINT (-73.9928207397461 40.74287796020508),,2
231,"Grand St (B,D)",Manhattan,POINT (-73.9937515258789 40.718265533447266),,4
232,2 Av (F),Manhattan,POINT (-73.98993682861328 40.7234001159668),,4
234,East Broadway (F),Manhattan,POINT (-73.99017333984375 40.713714599609375),,4
235,York St (F),Brooklyn,POINT (-73.98674774169922 40.70139694213867),,30
236,"Bergen St (F,G)",Brooklyn,POINT (-73.99085998535156 40.6861457824707),,30
237,"Carroll St (F,G)",Brooklyn,POINT (-73.99504852294922 40.680301666259766),,30
238,"Smith-9 Sts (F,G)",Brooklyn,POINT (-73.99595642089844 40.673580169677734),,30
240,"7 Av (F,G)",Brooklyn,POINT (-73.98030853271484 40.6662712097168),,30
241,"15 St-Prospect Park (F,G)",Brooklyn,POINT (-73.9794921875 40.66036605834961),,30
242,"Fort Hamilton Pkwy (F,G)",Brooklyn,POINT (-73.97577667236328 40.65078353881836),,30
243,"Church Av (F,G)",Brooklyn,POINT (-73.97967529296875 40.644039154052734),,30
244,Ditmas Av (F),Brooklyn,POINT (-73.9781723022461 40.6361198425293),,34
245,18 Av (F),Brooklyn,POINT (-73.97697448730469 40.62975311279297),,34
246,Avenue I (F),Brooklyn,POINT (-73.97612762451172 40.62532043457031),,34
247,Bay Pkwy (F),Brooklyn,POINT (-73.97526550292969 40.62076950073242),,34
248,Avenue N (F),Brooklyn,POINT (-73.97419738769531 40.61513900756836),,34
249,Avenue P (F),Brooklyn,POINT (-73.9730224609375 40.608943939208984),,34
250,Kings Hwy (F),Brooklyn,POINT (-73.97235870361328 40.60321807861328),,34
251,Avenue U (F),Brooklyn,POINT (-73.97335815429688 40.59606170654297),,34
252,Avenue X (F),Brooklyn,POINT (-73.97425079345703 40.58961868286133),,34
253,Neptune Av (F),Brooklyn,POINT (-73.97457122802734 40.58101272583008),,34
254,Jamaica-179 St (F),Queens,POINT (-73.7838134765625 40.712646484375),,20
255,169 St (F),Queens,POINT (-73.7936019897461 40.71046829223633),,20
256,Parsons Blvd (F),Queens,POINT (-73.80332946777344 40.70756530761719),,20
257,Sutphin Blvd (F),Queens,POINT (-73.81070709228516 40.70545959472656),,20
258,"Briarwood (E,F)",Queens,POINT (-73.82057189941406 40.70917892456055),,20
259,"Kew Gardens-Union Tpke (E,F)",Queens,POINT (-73.83100891113281 40.714439392089844),,20
26,"DeKalb Av (B,Q,R)",Brooklyn,POINT (-73.98182678222656 40.690635681152344),,30
260,"75 Av (E,F)",Queens,POINT (-73.83732604980469 40.71833038330078),,20
261,"Forest Hills-71 Av (E,F,M,R)",Queens,POINT (-73.84452056884766 40.7216911315918),,20
262,"67 Av (M,R)",Queens,POINT (-73.85272216796875 40.726524353027344),,20
263,"63 Dr-Rego Park (M,R)",Queens,POINT (-73.86160278320312 40.7298469543457),,20
264,"Woodhaven Blvd (M,R)",Queens,POINT (-73.86923217773438 40.73310470581055),,20
265,"Grand Av-Newtown (M,R)",Queens,POINT (-73.8772201538086 40.73701477050781),,20
266,"Elmhurst Av (M,R)",Queens,POINT (-73.88201904296875 40.742454528808594),,20
268,"65 St (M,R)",Queens,POINT (-73.89845275878906 40.74966812133789),,20
269,"Northern Blvd (M,R)",Queens,POINT (-73.906005859375 40.75288391113281),,20
270,"46 St (M,R)",Queens,POINT (-73.913330078125 40.75631332397461),,20
271,"Steinway St (M,R)",Queens,POINT (-73.92073822021484 40.75687789916992),,20
272,"36 St (M,R)",Queens,POINT (-73.92877960205078 40.75204086303711),,20
273,"Queens Plaza (E,M,R)",Queens,POINT (-73.93724060058594 40.74897384643555),,20
276,"5 Av/53 St (E,M)",Manhattan,POINT (-73.97522735595703 40.76016616821289),,1
277,"7 Av (E,B,D)",Manhattan,POINT (-73.98163604736328 40.76286315917969),,1
278,"Jamaica Center-Parsons/Archer (E,J,Z)",Queens,POINT (-73.80110931396484 40.7021484375),,20
279,"Sutphin Blvd-Archer Av-JFK Airport (E,J,Z)",Queens,POINT (-73.80796813964844 40.70048522949219),,20
28,Union St (R),Brooklyn,POINT (-73.98310852050781 40.67731475830078),,32
280,Jamaica-Van Wyck (E),Queens,POINT (-73.81685638427734 40.70256423950195),,20
282,21 St (G),Queens,POINT (-73.94972229003906 40.74406433105469),,20
283,Greenpoint Av (G),Brooklyn,POINT (-73.95445251464844 40.731353759765625),,30
284,Nassau Av (G),Brooklyn,POINT (-73.95127868652344 40.72463607788086),,30
286,Broadway (G),Brooklyn,POINT (-73.95030975341797 40.706092834472656),,30
287,Flushing Av (G),Brooklyn,POINT (-73.95023345947266 40.70037841796875),,30
288,Myrtle-Willoughby Avs (G),Brooklyn,POINT (-73.94904327392578 40.6945686340332),,30
289,Bedford-Nostrand Avs (G),Brooklyn,POINT (-73.95352172851562 40.68962860107422),,30
290,Classon Av (G),Brooklyn,POINT (-73.96006774902344 40.688873291015625),,30
291,Clinton-Washington Avs (G),Brooklyn,POINT (-73.96684265136719 40.688087463378906),,30
292,Fulton St (G),Brooklyn,POINT (-73.97537231445312 40.68711853027344),,30
293,Van Cortlandt Park-242 St (1),Bronx,POINT (-73.8985824584961 40.88924789428711),,3
294,238 St (1),Bronx,POINT (-73.90087127685547 40.884666442871094),,3
295,231 St (1),Bronx,POINT (-73.90483093261719 40.87885665893555),,3
296,Marble Hill-225 St (1),Manhattan,POINT (-73.90982818603516 40.87456130981445),,3
297,215 St (1),Manhattan,POINT (-73.91527557373047 40.86944580078125),,3
298,207 St (1),Manhattan,POINT (-73.9188232421875 40.864620208740234),,3
299,Dyckman St (1),Manhattan,POINT (-73.925537109375 40.860530853271484),,3
3,"30 Av (N,W)",Queens,POINT (-73.92147827148438 40.766780853271484),,20
30,Prospect Av (R),Brooklyn,POINT (-73.99287414550781 40.66541290283203),,32
300,191 St (1),Manhattan,POINT (-73.92941284179688 40.855224609375),,3
301,181 St (1),Manhattan,POINT (-73.93359375 40.84950637817383),,3
303,157 St (1),Manhattan,POINT (-73.94489288330078 40.834041595458984),,3
304,145 St (1),Manhattan,POINT (-73.95036315917969 40.8265495300293),,3
305,137 St-City College (1),Manhattan,POINT (-73.95367431640625 40.82200622558594),,3
306,125 St (1),Manhattan,POINT (-73.9583740234375 40.815582275390625),,3
307,116 St-Columbia University (1),Manhattan,POINT (-73.964111328125 40.80772018432617),,3
308,Cathedral Pkwy (110 St) (1),Manhattan,POINT (-73.96685028076172 40.8039665222168),,3
309,103 St (1),Manhattan,POINT (-73.96837615966797 40.79944610595703),,3
31,25 St (R),Brooklyn,POINT (-73.99809265136719 40.660396575927734),,32
310,"96 St (1,2,3)",Manhattan,POINT (-73.97232055664062 40.79391860961914),,3
311,86 St (1),Manhattan,POINT (-73.9762191772461 40.78864288330078),,1
312,79 St (1),Manhattan,POINT (-73.97991943359375 40.783935546875),,1
313,"72 St (1,2,3)",Manhattan,POINT (-73.98197174072266 40.7784538269043),,1
314,66 St-Lincoln Center (1),Manhattan,POINT (-73.98220825195312 40.773441314697266),,1
316,50 St (1),Manhattan,POINT (-73.98384857177734 40.76172637939453),,1
318,"34 St-Penn Station (1,2,3)",Manhattan,POINT (-73.99105834960938 40.75037384033203),,2
319,28 St (1),Manhattan,POINT (-73.99336242675781 40.747215270996094),,2
32,"36 St (D,N,R)",Brooklyn,POINT (-74.00354766845703 40.65514373779297),,34
320,23 St (1),Manhattan,POINT (-73.99565887451172 40.74407958984375),,2
321,18 St (1),Manhattan,POINT (-73.99787139892578 40.74103927612305),,2
323,Christopher St-Sheridan Sq (1),Manhattan,POINT (-74.0029067993164 40.733421325683594),,2
324,Houston St (1),Manhattan,POINT (-74.00536346435547 40.72825241088867),,2
325,Canal St (1),Manhattan,POINT (-74.00627899169922 40.72285461425781),,2
326,Franklin St (1),Manhattan,POINT (-74.00688934326172 40.71931838989258),,2
327,"Chambers St (1,2,3)",Manhattan,POINT (-74.00926971435547 40.715476989746094),,2
328,WTC Cortlandt (1),Manhattan,POINT (-74.01219177246094 40.71183395385742),,2
329,Rector St (1),Manhattan,POINT (-74.01378631591797 40.70751190185547),,2
33,45 St (R),Brooklyn,POINT (-74.010009765625 40.6489372253418),,34
333,"Wall St (2,3)",Manhattan,POINT (-74.00910186767578 40.70682144165039),,2
334,"Clark St (2,3)",Brooklyn,POINT (-73.99308776855469 40.69746780395508),,30
336,"Hoyt St (2,3)",Brooklyn,POINT (-73.98506164550781 40.69054412841797),,30
337,"Nevins St (2,3,4,5)",Brooklyn,POINT (-73.9804916381836 40.68824768066406),,30
339,"Bergen St (2,3)",Brooklyn,POINT (-73.97509765625 40.68082809448242),,32
34,53 St (R),Brooklyn,POINT (-74.01403045654297 40.64506912231445),,34
340,"Grand Army Plaza (2,3)",Brooklyn,POINT (-73.9710464477539 40.675235748291016),,32
341,"Eastern Pkwy-Brooklyn Museum (2,3)",Brooklyn,POINT (-73.9643783569336 40.6719856262207),,32
343,Nostrand Av (3),Brooklyn,POINT (-73.9504623413086 40.66984558105469),,32
344,Kingston Av (3),Brooklyn,POINT (-73.9421615600586 40.66939926147461),,32
345,"Crown Hts-Utica Av (3,4)",Brooklyn,POINT (-73.93294525146484 40.66889572143555),,32
346,Sutter Av-Rutland Rd (3),Brooklyn,POINT (-73.922607421875 40.66471862792969),,32
347,Saratoga Av (3),Brooklyn,POINT (-73.91632843017578 40.66145324707031),,32
348,Rockaway Av (3),Brooklyn,POINT (-73.90894317626953 40.66254806518555),,32
349,Junius St (3),Brooklyn,POINT (-73.90245056152344 40.66351318359375),,32
35,"59 St (N,R)",Brooklyn,POINT (-74.01788330078125 40.641361236572266),,34
350,Pennsylvania Av (3),Brooklyn,POINT (-73.8948974609375 40.664634704589844),,32
351,Van Siclen Av (3),Brooklyn,POINT (-73.88939666748047 40.66544723510742),,32
352,New Lots Av (3),Brooklyn,POINT (-73.88407897949219 40.666236877441406),,32
353,"President St-Medgar Evers College (2,5)",Brooklyn,POINT (-73.95068359375 40.667884826660156),,32
354,"Sterling St (2,5)",Brooklyn,POINT (-73.95085144042969 40.662742614746094),,32
355,"Winthrop St (2,5)",Brooklyn,POINT (-73.95020294189453 40.65665054321289),,32
356,"Church Av (2,5)",Brooklyn,POINT (-73.94957733154297 40.65084457397461),,32
357,"Beverly Rd (2,5)",Brooklyn,POINT (-73.94895935058594 40.64509963989258),,32
358,"Newkirk Av-Little Haiti (2,5)",Brooklyn,POINT (-73.94841003417969 40.63996887207031),,32
359,"Flatbush Av-Brooklyn College (2,5)",Brooklyn,POINT (-73.94763946533203 40.632835388183594),,32
36,Bay Ridge Av (R),Brooklyn,POINT (-74.02337646484375 40.63496780395508),,34
360,Pelham Bay Park (6),Bronx,POINT (-73.82811737060547 40.85246276855469),,12
361,Buhre Av (6),Bronx,POINT (-73.83256530761719 40.84680938720703),,12
362,Middletown Rd (6),Bronx,POINT (-73.83631896972656 40.84386444091797),,12
363,Westchester Sq-E Tremont Av (6),Bronx,POINT (-73.84294891357422 40.83989334106445),,12
364,Zerega Av (6),Bronx,POINT (-73.84703826904297 40.83648681640625),,12
365,Castle Hill Av (6),Bronx,POINT (-73.8512191772461 40.83425521850586),,12
366,Parkchester (6),Bronx,POINT (-73.8608169555664 40.83322525024414),,12
367,St Lawrence Av (6),Bronx,POINT (-73.86761474609375 40.83150863647461),,12
368,Morrison Av-Soundview (6),Bronx,POINT (-73.87451934814453 40.82952117919922),,12
369,Elder Av (6),Bronx,POINT (-73.87915802001953 40.828582763671875),,12
37,77 St (R),Brooklyn,POINT (-74.0255126953125 40.62974166870117),,34
370,Whitlock Av (6),Bronx,POINT (-73.88628387451172 40.8265266418457),,12
371,Hunts Point Av (6),Bronx,POINT (-73.89054870605469 40.82094955444336),,12
372,Longwood Av (6),Bronx,POINT (-73.89643859863281 40.816104888916016),,12
373,E 149 St (6),Bronx,POINT (-73.90409851074219 40.81211853027344),,12
374,E 143 St-St Mary's St (6),Bronx,POINT (-73.90765380859375 40.808719635009766),,12
375,Cypress Av (6),Bronx,POINT (-73.9140396118164 40.80536651611328),,12
376,Brook Av (6),Bronx,POINT (-73.91924285888672 40.80756759643555),,12
377,3 Av-138 St (6),Bronx,POINT (-73.92613983154297 40.81047439575195),,12
378,Woodlawn (4),Bronx,POINT (-73.87875366210938 40.88603591918945),,11
379,Mosholu Pkwy (4),Bronx,POINT (-73.88465881347656 40.8797492980957),,11
38,86 St (R),Brooklyn,POINT (-74.02839660644531 40.62268829345703),,34
380,Bedford Park Blvd-Lehman College (4),Bronx,POINT (-73.89006042480469 40.8734130859375),,11
381,Kingsbridge Rd (4),Bronx,POINT (-73.89717102050781 40.867759704589844),,11
382,Fordham Rd (4),Bronx,POINT (-73.90103149414062 40.8628044128418),,11
383,183 St (4),Bronx,POINT (-73.90387725830078 40.85840606689453),,11
384,Burnside Av (4),Bronx,POINT (-73.90768432617188 40.85345458984375),,11
385,176 St (4),Bronx,POINT (-73.91179656982422 40.848480224609375),,11
386,Mt Eden Av (4),Bronx,POINT (-73.91468811035156 40.84443283081055),,11
387,170 St (4),Bronx,POINT (-73.91779327392578 40.8400764465332),,11
388,167 St (4),Bronx,POINT (-73.92140197753906 40.83553695678711),,11
39,Bay Ridge-95 St (R),Brooklyn,POINT (-74.03087615966797 40.61662292480469),,34
391,"138 St-Grand Concourse (4,5)",Bronx,POINT (-73.92984771728516 40.81322479248047),,12
392,"125 St (4,5,6)",Manhattan,POINT (-73.93759155273438 40.80413818359375),,4
393,116 St (6),Manhattan,POINT (-73.94161987304688 40.79862976074219),,4
394,110 St (6),Manhattan,POINT (-73.94425201416016 40.795021057128906),,4
395,103 St (6),Manhattan,POINT (-73.94747924804688 40.79059982299805),,4
396,96 St (6),Manhattan,POINT (-73.9510726928711 40.78567123413086),,4
397,"86 St (4,5,6)",Manhattan,POINT (-73.9555892944336 40.77949142456055),,4
398,77 St (6),Manhattan,POINT (-73.95987701416016 40.77362060546875),,4
399,68 St-Hunter College (6),Manhattan,POINT (-73.9638671875 40.76814270019531),,4
4,"Broadway (N,W)",Queens,POINT (-73.92550659179688 40.76182174682617),,20
403,33 St (6),Manhattan,POINT (-73.9820785522461 40.7460823059082),,4
404,28 St (6),Manhattan,POINT (-73.98426055908203 40.74306869506836),,4
405,23 St (6),Manhattan,POINT (-73.98660278320312 40.739864349365234),,4
407,Astor Pl (6),Manhattan,POINT (-73.99107360839844 40.73005294799805),,4
409,Spring St (6),Manhattan,POINT (-73.99713897705078 40.7223014831543),,4
41,"7 Av (B,Q)",Brooklyn,POINT (-73.97236633300781 40.67705154418945),,32
413,"Wall St (4,5)",Manhattan,POINT (-74.0118637084961 40.707557678222656),,2
414,"Bowling Green (4,5)",Manhattan,POINT (-74.01406860351562 40.70481872558594),,2
416,Wakefield-241 St (2),Bronx,POINT (-73.85061645507812 40.90312576293945),,12
417,"Nereid Av (2,5)",Bronx,POINT (-73.85437774658203 40.898380279541016),,12
418,"233 St (2,5)",Bronx,POINT (-73.85747528076172 40.893192291259766),,12
419,"225 St (2,5)",Bronx,POINT (-73.86034393310547 40.888023376464844),,12
42,"Prospect Park (B,Q,S)",Brooklyn,POINT (-73.96224975585938 40.66161346435547),,32
420,"219 St (2,5)",Bronx,POINT (-73.86263275146484 40.88389587402344),,12
421,"Gun Hill Rd (2,5)",Bronx,POINT (-73.86625671386719 40.87784957885742),,12
422,"Burke Av (2,5)",Bronx,POINT (-73.8671646118164 40.87135696411133),,12
423,"Allerton Av (2,5)",Bronx,POINT (-73.86735534667969 40.86546325683594),,12
424,"Pelham Pkwy (2,5)",Bronx,POINT (-73.86761474609375 40.85719299316406),,12
425,"Bronx Park East (2,5)",Bronx,POINT (-73.86845397949219 40.84882736206055),,12
426,"E 180 St (2,5)",Bronx,POINT (-73.87348937988281 40.84189224243164),,12
427,"West Farms Sq-E Tremont Av (2,5)",Bronx,POINT (-73.88005065917969 40.840293884277344),,12
428,"174 St (2,5)",Bronx,POINT (-73.88773345947266 40.83728790283203),,12
429,"Freeman St (2,5)",Bronx,POINT (-73.8918685913086 40.829994201660156),,12
43,Parkside Av (Q),Brooklyn,POINT (-73.96149444580078 40.65529251098633),,32
430,"Simpson St (2,5)",Bronx,POINT (-73.89306640625 40.824073791503906),,12
431,"Intervale Av (2,5)",Bronx,POINT (-73.89673614501953 40.822181701660156),,12
432,"Prospect Av (2,5)",Bronx,POINT (-73.90177154541016 40.819583892822266),,12
433,"Jackson Av (2,5)",Bronx,POINT (-73.90780639648438 40.816490173339844),,12
434,"3 Av-149 St (2,5)",Bronx,POINT (-73.91775512695312 40.81610870361328),,12
436,Harlem-148 St (3),Manhattan,POINT (-73.93647003173828 40.82387924194336),,3
437,145 St (3),Manhattan,POINT (-73.93624877929688 40.82041931152344),,3
438,"135 St (2,3)",Manhattan,POINT (-73.9407730102539 40.81422805786133),,3
439,"125 St (2,3)",Manhattan,POINT (-73.94549560546875 40.80775451660156),,3
44,"Church Av (B,Q)",Brooklyn,POINT (-73.96298217773438 40.65052795410156),,32
440,"116 St (2,3)",Manhattan,POINT (-73.94962310791016 40.80209732055664),,3
441,"Central Park North (110 St) (2,3)",Manhattan,POINT (-73.95182037353516 40.799076080322266),,3
442,Eastchester-Dyre Av (5),Bronx,POINT (-73.8308334350586 40.888301849365234),,12
443,Baychester Av (5),Bronx,POINT (-73.83859252929688 40.878662109375),,12
444,Gun Hill Rd (5),Bronx,POINT (-73.84638214111328 40.86952590942383),,12
445,Pelham Pkwy (5),Bronx,POINT (-73.85536193847656 40.858985900878906),,12
446,Morris Park (5),Bronx,POINT (-73.8604965209961 40.85436248779297),,12
447,Flushing-Main St (7),Queens,POINT (-73.83003234863281 40.75960159301758),,20
448,Mets-Willets Point (7),Queens,POINT (-73.84562683105469 40.75462341308594),,20
449,111 St (7),Queens,POINT (-73.85533142089844 40.751731872558594),,20
45,Beverley Rd (Q),Brooklyn,POINT (-73.96449279785156 40.6440315246582),,20
450,103 St-Corona Plaza (7),Queens,POINT (-73.86270141601562 40.7498664855957),,20
451,Junction Blvd (7),Queens,POINT (-73.8695297241211 40.7491455078125),,20
452,90 St-Elmhurst Av (7),Queens,POINT (-73.8766098022461 40.748409271240234),,20
453,82 St-Jackson Hts (7),Queens,POINT (-73.88369750976562 40.747657775878906),,20
455,69 St (7),Queens,POINT (-73.89640045166016 40.7463264465332),,20
456,61 St-Woodside (7),Queens,POINT (-73.90298461914062 40.745628356933594),,20
457,52 St (7),Queens,POINT (-73.91255187988281 40.74414825439453),,20
458,46 St-Bliss St (7),Queens,POINT (-73.9184341430664 40.743133544921875),,20
459,40 St-Lowery St (7),Queens,POINT (-73.92401885986328 40.74378204345703),,20
46,Cortelyou Rd (Q),Brooklyn,POINT (-73.9638900756836 40.640926361083984),,20
460,33 St-Rawson St (7),Queens,POINT (-73.93099975585938 40.74458694458008),,20
461,"Queensboro Plaza (7,N,W)",Queens,POINT (-73.94020080566406 40.75058364868164),,20
463,Hunters Point Av (7),Queens,POINT (-73.94891357421875 40.74221420288086),,20
464,Vernon Blvd-Jackson Av (7),Queens,POINT (-73.95358276367188 40.74262619018555),,20
47,"Newkirk Plaza (B,Q)",Brooklyn,POINT (-73.9627914428711 40.63508224487305),,34
471,34 St-Hudson Yards (7),Manhattan,POINT (-74.00190734863281 40.755882263183594),,1
475,96 St (Q),Manhattan,POINT (-73.94715118408203 40.78431701660156),,4
476,86 St (Q),Manhattan,POINT (-73.95178985595703 40.777889251708984),,4
477,72 St (Q),Manhattan,POINT (-73.95842742919922 40.768798828125),,4
48,Avenue H (Q),Brooklyn,POINT (-73.96163940429688 40.629268646240234),,34
49,Avenue J (Q),Brooklyn,POINT (-73.96080017089844 40.625038146972656),,34
5,"36 Av (N,W)",Queens,POINT (-73.92957305908203 40.756805419921875),,20
50,Avenue M (Q),Brooklyn,POINT (-73.95939636230469 40.617618560791016),,34
501,St George (SIR),Staten Island,POINT (-74.07364654541016 40.64374923706055),,
502,Tompkinsville (SIR),Staten Island,POINT (-74.07483673095703 40.63694763183594),,
51,"Kings Hwy (B,Q)",Brooklyn,POINT (-73.95773315429688 40.60866928100586),,34
52,Avenue U (Q),Brooklyn,POINT (-73.9559326171875 40.599300384521484),,34
53,Neck Rd (Q),Brooklyn,POINT (-73.95516204833984 40.595245361328125),,34
54,"Sheepshead Bay (B,Q)",Brooklyn,POINT (-73.95415496826172 40.58689498901367),,34
55,"Brighton Beach (B,Q)",Brooklyn,POINT (-73.96137237548828 40.57762145996094),,34
56,Ocean Pkwy (Q),Brooklyn,POINT (-73.96849822998047 40.57631301879883),,34
57,"W 8 St-NY Aquarium (F,Q)",Brooklyn,POINT (-73.97593688964844 40.57612609863281),,34
58,"Coney Island-Stillwell Av (D,F,N,Q)",Brooklyn,POINT (-73.98123168945312 40.577423095703125),,34
59,9 Av (D),Brooklyn,POINT (-73.99432373046875 40.64629364013672),,34
6,"39 Av-Dutch Kills (N,W)",Queens,POINT (-73.93275451660156 40.75288009643555),,20
60,Fort Hamilton Pkwy (D),Brooklyn,POINT (-73.99430084228516 40.64091491699219),,34
601,"14 St (F,M,1,2,3)/6 Av (L)",Manhattan,POINT (-73.99620819091797 40.73822784423828),,2
602,"14 St-Union Sq (L,N,Q,R,W,4,5,6)",Manhattan,POINT (-73.98995208740234 40.73467254638672),,2
603,"149 St-Grand Concourse (2,4,5)",Bronx,POINT (-73.92735290527344 40.81837463378906),,12
604,"161 St-Yankee Stadium (B,D,4)",Bronx,POINT (-73.92565155029297 40.827903747558594),,11
605,"168 St (A,C,1)",Manhattan,POINT (-73.93955993652344 40.84071731567383),,3
606,"Court Sq (E,G,M,7)",Queens,POINT (-73.94383239746094 40.74655532836914),,20
607,"34 St-Herald Sq (B,D,F,M,N,Q,R,W)",Manhattan,POINT (-73.98782348632812 40.749717712402344),,2
608,"4 Av (F,G)/9 St (R)",Brooklyn,POINT (-73.9883041381836 40.67084884643555),,30
609,"Bryant Pk (B,D,F,M)/5 Av (7)",Manhattan,POINT (-73.98196411132812 40.753822326660156),,1
61,50 St (D),Brooklyn,POINT (-73.99478912353516 40.636260986328125),,34
610,"Grand Central-42 St (S,4,5,6,7)",Manhattan,POINT (-73.97684478759766 40.75177764892578),,4
611,"Times Sq-42 St (N,Q,R,W,S,1,2,3,7)/42 St (A,C,E)",Manhattan,POINT (-73.98675537109375 40.75529098510742),,1
612,"Lexington Av-53 St (E,M)/51 St (6)",Manhattan,POINT (-73.96905517578125 40.75755310058594),,4
613,"Lexington Av (N,R,W)/59 St (4,5,6)",Manhattan,POINT (-73.96725463867188 40.76266098022461),,4
614,"59 St-Columbus Circle (A,B,C,D,1)",Manhattan,POINT (-73.98173522949219 40.76829528808594),,1
615,New Utrecht Av (N)/62 St (D),Brooklyn,POINT (-73.99635314941406 40.62484359741211),,34
616,"74-Broadway (7)/Jackson Hts-Roosevelt Av (E,F,M,R)",Queens,POINT (-73.8913345336914 40.74664306640625),,20
617,"Atlantic Av-Barclays Ctr (B,D,N,Q,R,2,3,4,5)",Brooklyn,POINT (-73.97689056396484 40.6844596862793),,32
618,"14 St (A,C,E)/8 Av (L)",Manhattan,POINT (-74.00169372558594 40.74089431762695),,2
619,"Broadway-Lafayette St (B,D,F,M)/Bleecker St (6)",Manhattan,POINT (-73.99465942382812 40.725914001464844),,4
62,55 St (D),Brooklyn,POINT (-73.99547576904297 40.63143539428711),,34
620,"Court St (R)/Borough Hall (2,3,4,5)",Brooklyn,POINT (-73.98999786376953 40.69321823120117),,30
621,"Broadway Junction (A,C,J,L,Z)",Brooklyn,POINT (-73.90531921386719 40.6783332824707),,33
622,"Brooklyn Bridge-City Hall (4,5,6)/Chambers St (J,Z)",Manhattan,POINT (-74.00340270996094 40.71324157714844),,2
623,"Canal St (J,N,Q,R,W,Z,6)",Manhattan,POINT (-73.99989318847656 40.71809387207031),,2
624,"Chambers St (A,C)/WTC (E)/Park Pl (2,3)/Cortlandt (R,W)",Manhattan,POINT (-74.00858306884766 40.714111328125),,2
625,"Delancey St (F)/Essex St (J,M,Z)",Manhattan,POINT (-73.98743438720703 40.71831512451172),,4
626,"Franklin Av (2,3,4,5)/Botanic Garden (S)",Brooklyn,POINT (-73.9581298828125 40.67068099975586),,32
627,"Franklin Av (C,S)",Brooklyn,POINT (-73.95684814453125 40.68138122558594),,30
628,"Fulton St (A,C,J,Z,2,3,4,5)",Manhattan,POINT (-74.0065689086914 40.709415435791016),,2
629,Lorimer St (L)/Metropolitan Av (G),Brooklyn,POINT (-73.95027160644531 40.71406173706055),,33
630,"Myrtle-Wyckoff Avs (L,M)",Brooklyn,POINT (-73.91158294677734 40.69981384277344),,33
635,"South Ferry (1)/Whitehall St (R,W)",Manhattan,POINT (-74.01299285888672 40.703086853027344),,2
636,"Jay St-MetroTech (A,C,F,R)",Brooklyn,POINT (-73.9859390258789 40.69233703613281),,30
64,71 St (D),Brooklyn,POINT (-73.99886322021484 40.619590759277344),,34
65,79 St (D),Brooklyn,POINT (-74.0006103515625 40.613502502441406),,34
66,18 Av (D),Brooklyn,POINT (-74.00173950195312 40.60795211791992),,34
67,20 Av (D),Brooklyn,POINT (-73.9981689453125 40.604557037353516),,34
68,Bay Pkwy (D),Brooklyn,POINT (-73.99372863769531 40.60187530517578),,34
69,25 Av (D),Brooklyn,POINT (-73.98683166503906 40.59770584106445),,34
70,Bay 50 St (D),Brooklyn,POINT (-73.9837646484375 40.58884048461914),,34
71,8 Av (N),Brooklyn,POINT (-74.01171875 40.63506317138672),,34
72,Fort Hamilton Pkwy (N),Brooklyn,POINT (-74.0053482055664 40.631385803222656),,34
74,18 Av (N),Brooklyn,POINT (-73.99041748046875 40.620670318603516),,34
75,20 Av (N),Brooklyn,POINT (-73.98502349853516 40.617408752441406),,34
76,Bay Pkwy (N),Brooklyn,POINT (-73.98184967041016 40.61181640625),,34
77,Kings Hwy (N),Brooklyn,POINT (-73.98035430908203 40.60392379760742),,34
78,Avenue U (N),Brooklyn,POINT (-73.97913360595703 40.59747314453125),,34
79,86 St (N),Brooklyn,POINT (-73.97823333740234 40.59272003173828),,34
8,"5 Av/59 St (N,R,W)",Manhattan,POINT (-73.97335052490234 40.76481246948242),,1
80,"121 St (J,Z)",Queens,POINT (-73.82829284667969 40.70049285888672),,20
81,111 St (J),Queens,POINT (-73.83634185791016 40.697418212890625),,20
82,"104 St (J,Z)",Queens,POINT (-73.84432983398438 40.6951789855957),,20
83,"Woodhaven Blvd (J,Z)",Queens,POINT (-73.85157775878906 40.693878173828125),,20
84,85 St-Forest Pkwy (J),Queens,POINT (-73.8600082397461 40.69243621826172),,20
85,"75 St-Elderts Ln (J,Z)",Queens,POINT (-73.86714172363281 40.691322326660156),,20
86,Cypress Hills (J),Brooklyn,POINT (-73.87255096435547 40.68994140625),,33
87,"Crescent St (J,Z)",Brooklyn,POINT (-73.87378692626953 40.68319320678711),,33
88,"Norwood Av (J,Z)",Brooklyn,POINT (-73.88003540039062 40.68141174316406),,33
89,Cleveland St (J),Brooklyn,POINT (-73.88463592529297 40.67994689941406),,33
9,"57 St-7 Av (N,Q,R,W)",Manhattan,POINT (-73.98065948486328 40.76466369628906),,1
90,"Van Siclen Av (J,Z)",Brooklyn,POINT (-73.89168548583984 40.67802429199219),,33
91,Alabama Av (J),Brooklyn,POINT (-73.89865112304688 40.6769905090332),,33
93,"Chauncey St (J,Z)",Brooklyn,POINT (-73.91045379638672 40.682891845703125),,33
94,Halsey St (J),Brooklyn,POINT (-73.91655731201172 40.686370849609375),,33
95,"Gates Av (J,Z)",Brooklyn,POINT (-73.92227172851562 40.68962860107422),,33
96,Kosciuszko St (J),Brooklyn,POINT (-73.92881774902344 40.69334030151367),,33
97,"Myrtle Av (M,J,Z)",Brooklyn,POINT (-73.93565368652344 40.697208404541016),,33
98,"Flushing Av (M,J)",Brooklyn,POINT (-73.94112396240234 40.700260162353516),,33
99,"Lorimer St (M,J)",Brooklyn,POINT (-73.9474105834961 40.7038688659668),,33
TRAM1,RI Tramway (Manhattan),Manhattan,POINT (-73.964155 40.761338),,4
TRAM2,RI Tramway (Roosevelt),Manhattan,POINT (-73.954114 40.75734),,4
